,comments_level_1_mid,main_body_uid,发布时间,处理内容,评论地点,mid,点赞数量,原生内容,uid,用户昵称,用户主页,用户认证信息,用户描述,用户地理位置,用户性别,用户粉丝数量,用户关注数量,用户全部微博,用户累计评论,用户累计转发,用户累计获赞,用户转评赞
0,5151461180704316,7800210182,25年04月03日 21:54,"<img alt=""[馋嘴]"" title=""[馋嘴]"" src=""https://face.t.sinajs.cn/t4/appstyle/expression/ext/normal/fa/2018new_chanzui_org.png"" />",来自江苏,5151465283260833,0,[馋嘴],7800210182,Viyo-嘉嘉,https://weibo.com/u/7800210182,超话创作官（何浩楠超话）,天天开心，开心最重要,江苏 南通,f,622,231,698,"13,672",113,"8,707","22,492"
1,4856927165874887,6773963857,23年01月12日 12:49,哈哈，自嘲下,来自广西,4857068995222843,0,哈哈，自嘲下,6773963857,maDfroG1987,https://weibo.com/u/6773963857,nan,人生一场场舞会，提前到达，在角落注视一切，舞会高潮，人声鼎沸时离开，这是我的人生哲学。,广东,m,189,725,757,477,12,193,682
2,4980990938185847,1254060450,23年12月22日 09:56,"想和你兜着风看这橘子味的日落和这漫山遍野的樱花.<a href=/n/MIC檀健次JC-T usercard=""name=@MIC檀健次JC-T"">@MIC檀健次JC-T</a>",来自海南,4981687069706605,0,想和你兜着风看这橘子味的日落和这漫山遍野的樱花.@MIC檀健次JC-T,1254060450,多多的肠加鱼,https://weibo.com/u/1254060450,超话粉丝钻咖（檀健次超话）,to be a better me,湖南 长沙,f,627,456,2792,"5,480",334,"4,512","10,326"
3,4980984877417570,1254060450,23年12月22日 09:57,"频繁出现在梦里的人是你的身体感觉到了你 的思念替你见了一面你朝思暮想的人<a href=/n/MIC檀健次JC-T usercard=""name=@MIC檀健次JC-T"">@MIC檀健次JC-T</a>",来自海南,4981687333160376,0,频繁出现在梦里的人是你的身体感觉到了你 的思念替你见了一面你朝思暮想的人@MIC檀健次JC-T,1254060450,多多的肠加鱼,https://weibo.com/u/1254060450,超话粉丝钻咖（檀健次超话）,to be a better me,湖南 长沙,f,627,456,2792,"5,480",334,"4,512","10,326"
4,4980990109549168,1254060450,23年12月22日 09:57,"你掀起山河奔向我，踏尽星辰来访我，而我有整个宇宙想讲给你听<a href=/n/MIC檀健次JC-T usercard=""name=@MIC檀健次JC-T"">@MIC檀健次JC-T</a>",来自海南,4981687165914477,0,你掀起山河奔向我，踏尽星辰来访我，而我有整个宇宙想讲给你听@MIC檀健次JC-T,1254060450,多多的肠加鱼,https://weibo.com/u/1254060450,超话粉丝钻咖（檀健次超话）,to be a better me,湖南 长沙,f,627,456,2792,"5,480",334,"4,512","10,326"
5,4980988788605330,1254060450,23年12月22日 09:57,"落日溺在云层里，银河滑落一片掉进大海里月光散落在森林里该和你手牵手走在这浪漫里我不争不抢  我希望留在我身边的人都是心甘情愿<a href=/n/MIC檀健次JC-T usercard=""name=@MIC檀健次JC-T"">@MIC檀健次JC-T</a>",来自海南,4981687245865874,0,落日溺在云层里，银河滑落一片掉进大海里月光散落在森林里该和你手牵手走在这浪漫里我不争不抢  我希望留在我身边的人都是心甘情愿@MIC檀健次JC-T,1254060450,多多的肠加鱼,https://weibo.com/u/1254060450,超话粉丝钻咖（檀健次超话）,to be a better me,湖南 长沙,f,627,456,2792,"5,480",334,"4,512","10,326"
6,4980990900437198,1254060450,23年12月22日 09:56,"你掀起山河奔向我，踏尽星辰来访我，而我有整个宇宙想讲给你听<a href=/n/MIC檀健次JC-T usercard=""name=@MIC檀健次JC-T"">@MIC檀健次JC-T</a>",来自海南,4981687083603691,0,你掀起山河奔向我，踏尽星辰来访我，而我有整个宇宙想讲给你听@MIC檀健次JC-T,1254060450,多多的肠加鱼,https://weibo.com/u/1254060450,超话粉丝钻咖（檀健次超话）,to be a better me,湖南 长沙,f,627,456,2792,"5,480",334,"4,512","10,326"
7,4980989917138651,1254060450,23年12月22日 09:57,"我每句轻浮的话里都藏着破碎的真心<a href=/n/MIC檀健次JC-T usercard=""name=@MIC檀健次JC-T"">@MIC檀健次JC-T</a>",来自海南,4981687199732134,0,我每句轻浮的话里都藏着破碎的真心@MIC檀健次JC-T,1254060450,多多的肠加鱼,https://weibo.com/u/1254060450,超话粉丝钻咖（檀健次超话）,to be a better me,湖南 长沙,f,627,456,2792,"5,480",334,"4,512","10,326"
8,4980989122317833,1254060450,23年12月22日 09:57,"星星掉进海里 糖果掉进梦里 而你掉进我心里<a href=/n/MIC檀健次JC-T usercard=""name=@MIC檀健次JC-T"">@MIC檀健次JC-T</a>",来自海南,4981687224632455,0,星星掉进海里 糖果掉进梦里 而你掉进我心里@MIC檀健次JC-T,1254060450,多多的肠加鱼,https://weibo.com/u/1254060450,超话粉丝钻咖（檀健次超话）,to be a better me,湖南 长沙,f,627,456,2792,"5,480",334,"4,512","10,326"
9,4980983248718159,1254060450,23年12月22日 09:58,"“剧里沈翊有句台词是「女人能理解女人，女人能保护女人」但是你反过来想想啊，原来最后保护女人的还只能是女人，那作为男人的话是不是我们要反省一下这样。”——檀健次<a href=/n/MIC檀健次JC-T usercard=""name=@MIC檀健次JC-T"">@MIC檀健次JC-T</a>",来自海南,4981687461352139,0,“剧里沈翊有句台词是「女人能理解女人，女人能保护女人」但是你反过来想想啊，原来最后保护女人的还只能是女人，那作为男人的话是不是我们要反省一下这样。”——檀健次@MIC檀健次JC-T,1254060450,多多的肠加鱼,https://weibo.com/u/1254060450,超话粉丝钻咖（檀健次超话）,to be a better me,湖南 长沙,f,627,456,2792,"5,480",334,"4,512","10,326"
10,4980982425323766,1254060450,23年12月22日 09:58,"“我始终希望自己能成为一个有口碑的演员，能够对得起这份职业，能做到令自己也令观众满意——这就是我的诉求。”——檀健次<a href=/n/MIC檀健次JC-T usercard=""name=@MIC檀健次JC-T"">@MIC檀健次JC-T</a>",来自海南,4981687486516175,0,“我始终希望自己能成为一个有口碑的演员，能够对得起这份职业，能做到令自己也令观众满意——这就是我的诉求。”——檀健次@MIC檀健次JC-T,1254060450,多多的肠加鱼,https://weibo.com/u/1254060450,超话粉丝钻咖（檀健次超话）,to be a better me,湖南 长沙,f,627,456,2792,"5,480",334,"4,512","10,326"
11,4980982303687188,1254060450,23年12月22日 09:58,"“你要面对现实啊，现在这个网络时代就是很快的，所以唯有作品，才能是王道，才能留得住。”——檀健次<a href=/n/MIC檀健次JC-T usercard=""name=@MIC檀健次JC-T"">@MIC檀健次JC-T</a>",来自海南,4981687534485935,0,“你要面对现实啊，现在这个网络时代就是很快的，所以唯有作品，才能是王道，才能留得住。”——檀健次@MIC檀健次JC-T,1254060450,多多的肠加鱼,https://weibo.com/u/1254060450,超话粉丝钻咖（檀健次超话）,to be a better me,湖南 长沙,f,627,456,2792,"5,480",334,"4,512","10,326"
12,4980990235382169,1254060450,23年12月22日 09:57,"别让世俗淹没生活的浪漫与热情<a href=/n/MIC檀健次JC-T你一定要站在自己所热爱的世界里闪闪发光 usercard=""name=@MIC檀健次JC-T你一定要站在自己所热爱的世界里闪闪发光"">@MIC檀健次JC-T你一定要站在自己所热爱的世界里闪闪发光</a>",来自海南,4981687130001904,0,别让世俗淹没生活的浪漫与热情@MIC檀健次JC-T你一定要站在自己所热爱的世界里闪闪发光,1254060450,多多的肠加鱼,https://weibo.com/u/1254060450,超话粉丝钻咖（檀健次超话）,to be a better me,湖南 长沙,f,627,456,2792,"5,480",334,"4,512","10,326"
13,4980985647598836,1254060450,23年12月22日 09:57,"你一定要站在自己所热爱的世界里闪闪发光<a href=/n/MIC檀健次JC-T usercard=""name=@MIC檀健次JC-T"">@MIC檀健次JC-T</a>",来自海南,4981687300396901,0,你一定要站在自己所热爱的世界里闪闪发光@MIC檀健次JC-T,1254060450,多多的肠加鱼,https://weibo.com/u/1254060450,超话粉丝钻咖（檀健次超话）,to be a better me,湖南 长沙,f,627,456,2792,"5,480",334,"4,512","10,326"
14,4980982283242782,1254060450,23年12月22日 09:58,"“诠释好一个角色就是“真听，真看，真感受，跟角色共情”——檀健次<a href=/n/MIC檀健次JC-T usercard=""name=@MIC檀健次JC-T"">@MIC檀健次JC-T</a>",来自海南,4981687513252011,0,“诠释好一个角色就是“真听，真看，真感受，跟角色共情”——檀健次@MIC檀健次JC-T,1254060450,多多的肠加鱼,https://weibo.com/u/1254060450,超话粉丝钻咖（檀健次超话）,to be a better me,湖南 长沙,f,627,456,2792,"5,480",334,"4,512","10,326"
15,4821928806712489,7750647005,22年10月07日 13:37,收到🫡,来自德国,4821929490124217,0,收到🫡,7750647005,Silverevangelium_,https://weibo.com/u/7750647005,nan,“Komm näher. ”,海外 德国,m,832,120,879,"1,876",0,"3,517","5,393"
16,4821928806712489,7750647005,22年10月07日 13:40,你看的老版新版？,来自四川,4821930295431291,0,你看的老版新版？,5626307162,Nujabes02,https://weibo.com/u/5626307162,nan,反正人生就是独来独往。,陕西 西安,m,48,35,79,20,1,23,44
17,4821928806712489,7750647005,22年10月07日 20:41,"回复<a href=/n/Nujabes02 usercard=""name=@Nujabes02"">@Nujabes02</a>:都看了",来自德国,4822036154680742,0,回复@Nujabes02:都看了,7750647005,Silverevangelium_,https://weibo.com/u/7750647005,nan,“Komm näher. ”,海外 德国,m,832,120,879,"1,876",0,"3,517","5,393"
18,5150468204921065,6060416734,25年04月01日 13:58,愚人节快乐,来自四川,5150620555153071,0,愚人节快乐,6060416734,今天奶茶够甜吗,https://weibo.com/u/6060416734,nan,交换温柔,其他,f,154,122,361,968,7,"1,198","2,173"
19,5150468204921065,6060416734,25年04月01日 15:48,"回复<a href=/n/今天奶茶够甜吗 usercard=""name=@今天奶茶够甜吗"">@今天奶茶够甜吗</a>:我是小鱼人",来自重庆,5150648259314727,0,回复@今天奶茶够甜吗:我是小鱼人,6104265850,ltengttt,https://weibo.com/u/6104265850,nan,,重庆,m,41,46,0,0,0,0,0
20,5150433946107986,6060416734,25年04月01日 13:58,我只是觉得好笑哈,来自四川,5150620508753114,0,我只是觉得好笑哈,6060416734,今天奶茶够甜吗,https://weibo.com/u/6060416734,nan,交换温柔,其他,f,154,122,361,968,7,"1,198","2,173"
21,5141374400463033,1802505394,25年03月07日 01:49,"也不知道赋音乐有没有亏钱…当时跑台湾宣传的时候小燕姐就说他的专辑赠品好豪华好舍得花钱<img alt=""[悲伤]"" title=""[悲伤]"" src=""https://face.t.sinajs.cn/t4/appstyle/expression/ext/normal/ee/2018new_beishang_org.png"" />",来自广东,5141377357972190,32,也不知道赋音乐有没有亏钱…当时跑台湾宣传的时候小燕姐就说他的专辑赠品好豪华好舍得花钱[悲伤],1802505394,椒丝腐乳西兰花,https://weibo.com/u/1802505394,nan,浓颜美女,海外 哥伦比亚,f,2363,1006,19497,"37,054","7,607","41,614","86,275"
22,5141374400463033,1802505394,25年03月20日 10:26,"回复<a href=/n/我一点都不甜__ usercard=""name=@我一点都不甜__"">@我一点都不甜__</a>:这个我听他和侯佩岑的采访说，是拍危险世界那张专卖的吉他，因为制作投入太大了，而他跟原公司也即将解约，公司在他身上的投入会不够。",来自江西,5146218553673882,0,回复@我一点都不甜__:这个我听他和侯佩岑的采访说，是拍危险世界那张专卖的吉他，因为制作投入太大了，而他跟原公司也即将解约，公司在他身上的投入会不够。,7275646020,迟早会发光的呀,https://weibo.com/u/7275646020,nan,人间的青草地 需要浇水， 内心的花园就不会枯萎。,其他,f,32,248,350,218,0,169,387
23,5141374400463033,1802505394,25年03月09日 10:24,"回复<a href=/n/Estrellaaes usercard=""name=@Estrellaaes"">@Estrellaaes</a>:这样也挺好的，大理可比香港舒适多了",来自广东,5142231757886107,2,回复@Estrellaaes:这样也挺好的，大理可比香港舒适多了,1802505394,椒丝腐乳西兰花,https://weibo.com/u/1802505394,nan,浓颜美女,海外 哥伦比亚,f,2363,1006,19497,"37,054","7,607","41,614","86,275"
24,5141374400463033,1802505394,25年03月09日 02:42,"回复<a href=/n/椒丝腐乳西兰花 usercard=""name=@椒丝腐乳西兰花"">@椒丝腐乳西兰花</a>:感觉他没什么钱的。。为了拍mv卖了四把吉他。。。。<img alt=""[泪]"" title=""[泪]"" src=""https://face.t.sinajs.cn/t4/appstyle/expression/ext/normal/6e/2018new_leimu_org.png"" /><img alt=""[泪]"" title=""[泪]"" src=""https://face.t.sinajs.cn/t4/appstyle/expression/ext/normal/6e/2018new_leimu_org.png"" /><img alt=""[泪]"" title=""[泪]"" src=""https://face.t.sinajs.cn/t4/appstyle/expression/ext/normal/6e/2018new_leimu_org.png"" />众所周知他有多爱他的吉他，他说他的吉他是他的老婆<img alt=""[泪]"" title=""[泪]"" src=""https://face.t.sinajs.cn/t4/appstyle/expression/ext/normal/6e/2018new_leimu_org.png"" /><img alt=""[泪]"" title=""[泪]"" src=""https://face.t.sinajs.cn/t4/appstyle/expression/ext/normal/6e/2018new_leimu_org.png"" />",来自湖南,5142115459007929,2,回复@椒丝腐乳西兰花:感觉他没什么钱的。。为了拍mv卖了四把吉他。。。。[泪][泪][泪]众所周知他有多爱他的吉他，他说他的吉他是他的老婆[泪][泪],7186807008,我一点都不甜__,https://weibo.com/u/7186807008,nan,我一点也不甜,浙江 杭州,m,69,366,1459,669,20,"2,329","3,018"
25,5141374400463033,1802505394,25年03月09日 01:02,"回复<a href=/n/椒丝腐乳西兰花 usercard=""name=@椒丝腐乳西兰花"">@椒丝腐乳西兰花</a>:虽然不是别墅他在大理住的挺开心的<img alt=""[给你小心心]"" title=""[给你小心心]"" src=""https://face.t.sinajs.cn/t4/appstyle/expression/ext/normal/ca/qixi2018_xiaoxinxin_org.png"" />应该在苍山脚下的一个小院子，我奶奶就是大理的，洱海边那种自建房装修蛮好的住着是非常舒服的，当然和别墅区没法比毕竟没物业啥的，他还经常去菜市场，大理那边瓜果蔬菜也是丰富又新鲜，对他这种素食爱好者来说也算很奈斯了",来自云南,5142090284536643,3,回复@椒丝腐乳西兰花:虽然不是别墅他在大理住的挺开心的[给你小心心]应该在苍山脚下的一个小院子，我奶奶就是大理的，洱海边那种自建房装修蛮好的住着是非常舒服的，当然和别墅区没法比毕竟没物业啥的，他还经常去菜市场，大理那边瓜果蔬菜也是丰富又新鲜，对他这种素食爱好者来说也算很奈斯了,5801905779,Estrellaaes,https://weibo.com/u/5801905779,nan,健康幸福,江苏 苏州,m,177,142,1349,645,101,"1,725","2,471"
26,5141374400463033,1802505394,25年03月08日 22:52,"回复<a href=/n/Estrellaaes usercard=""name=@Estrellaaes"">@Estrellaaes</a>:他说只要有精神，不管邻居有没有装修都会录音。我心想，啊，原来你在大理不是住独栋别墅啊。",来自广东,5142057787855369,4,回复@Estrellaaes:他说只要有精神，不管邻居有没有装修都会录音。我心想，啊，原来你在大理不是住独栋别墅啊。,1802505394,椒丝腐乳西兰花,https://weibo.com/u/1802505394,nan,浓颜美女,海外 哥伦比亚,f,2363,1006,19497,"37,054","7,607","41,614","86,275"
27,5141374400463033,1802505394,25年03月08日 22:51,"回复<a href=/n/Estrellaaes usercard=""name=@Estrellaaes"">@Estrellaaes</a>:但是就算没有预算，这几支MV也很好看。真希望有更多mv已经拍好了只是还在后制，将来还能慢慢放出来……",来自广东,5142057472492834,1,回复@Estrellaaes:但是就算没有预算，这几支MV也很好看。真希望有更多mv已经拍好了只是还在后制，将来还能慢慢放出来……,1802505394,椒丝腐乳西兰花,https://weibo.com/u/1802505394,nan,浓颜美女,海外 哥伦比亚,f,2363,1006,19497,"37,054","7,607","41,614","86,275"
28,5141374400463033,1802505394,25年03月08日 17:23,"回复<a href=/n/甘甜凉茶 usercard=""name=@甘甜凉茶"">@甘甜凉茶</a>:我记得是一个类似拍摄mv 的备采里面，唉，他这几年经济上不是那么宽裕的，赋音乐就是一直亏钱的状态，当时成立的时候我记得就卖了他心爱的吉他还粉丝众筹了（他好像还给筹钱的粉丝点赞微博，制作手机铃声啥的类似作为报答吧），艾美梦游也是出一本亏一本，但是也是他妈妈的梦想所以不遗余力的支持",来自云南,5141974785465679,2,回复@甘甜凉茶:我记得是一个类似拍摄mv 的备采里面，唉，他这几年经济上不是那么宽裕的，赋音乐就是一直亏钱的状态，当时成立的时候我记得就卖了他心爱的吉他还粉丝众筹了（他好像还给筹钱的粉丝点赞微博，制作手机铃声啥的类似作为报答吧），艾美梦游也是出一本亏一本，但是也是他妈妈的梦想所以不遗余力的支持,5801905779,Estrellaaes,https://weibo.com/u/5801905779,nan,健康幸福,江苏 苏州,m,177,142,1349,645,101,"1,725","2,471"
29,5141374400463033,1802505394,25年03月07日 22:28,"回复<a href=/n/椒丝腐乳西兰花 usercard=""name=@椒丝腐乳西兰花"">@椒丝腐乳西兰花</a>:我也没，就当收藏留个念想了。他以前的专辑去年就炒到天价了，现在很难收到了，我已经死心了。只能买去年的新专，我拿到手，确实精美。看到最后介绍实体专辑的设计写着方大同，我真的好感动，他病重在榻还事无巨细，亲力亲为。",来自广东,5141689272107269,2,回复@椒丝腐乳西兰花:我也没，就当收藏留个念想了。他以前的专辑去年就炒到天价了，现在很难收到了，我已经死心了。只能买去年的新专，我拿到手，确实精美。看到最后介绍实体专辑的设计写着方大同，我真的好感动，他病重在榻还事无巨细，亲力亲为。,7533336195,MUMU_JILL,https://weibo.com/u/7533336195,nan,真正爱方大同的人不会允许他被消费利用麦🎫，🚫拒博爱粉、圣母粉、☕解，请谨慎关注。,其他,f,1047,299,4125,"39,228","11,923","128,250","179,401"
30,5141374400463033,1802505394,25年03月07日 22:20,"回复<a href=/n/ffghhhjj2233 usercard=""name=@ffghhhjj2233"">@ffghhhjj2233</a>:你是说《梦想家》的几只MV吗",来自广东,5141687258319603,0,回复@ffghhhjj2233:你是说《梦想家》的几只MV吗,7533336195,MUMU_JILL,https://weibo.com/u/7533336195,nan,真正爱方大同的人不会允许他被消费利用麦🎫，🚫拒博爱粉、圣母粉、☕解，请谨慎关注。,其他,f,1047,299,4125,"39,228","11,923","128,250","179,401"
31,5141374400463033,1802505394,25年03月07日 22:20,"回复<a href=/n/MUMU_JILL usercard=""name=@MUMU_JILL"">@MUMU_JILL</a>:搞到我都很想买一张 但我没有cd机…",来自广东,5141687136421547,0,回复@MUMU_JILL:搞到我都很想买一张 但我没有cd机…,1802505394,椒丝腐乳西兰花,https://weibo.com/u/1802505394,nan,浓颜美女,海外 哥伦比亚,f,2363,1006,19497,"37,054","7,607","41,614","86,275"
32,5141374400463033,1802505394,25年03月07日 22:19,"回复<a href=/n/椒丝腐乳西兰花 usercard=""name=@椒丝腐乳西兰花"">@椒丝腐乳西兰花</a>:大同的专辑真的很精美，请设计师做装帧版面设计，自己也参与的，真的物超所值，我拿到手惊呆了，怕他亏本",来自广东,5141686935879820,2,回复@椒丝腐乳西兰花:大同的专辑真的很精美，请设计师做装帧版面设计，自己也参与的，真的物超所值，我拿到手惊呆了，怕他亏本,7533336195,MUMU_JILL,https://weibo.com/u/7533336195,nan,真正爱方大同的人不会允许他被消费利用麦🎫，🚫拒博爱粉、圣母粉、☕解，请谨慎关注。,其他,f,1047,299,4125,"39,228","11,923","128,250","179,401"
33,5141374400463033,1802505394,25年03月07日 13:03,"回复<a href=/n/ffghhhjj2233 usercard=""name=@ffghhhjj2233"">@ffghhhjj2233</a>:老师，没有预算这个在哪里看到的啊，是导演发的文吗<img alt=""[泪]"" title=""[泪]"" src=""https://face.t.sinajs.cn/t4/appstyle/expression/ext/normal/6e/2018new_leimu_org.png"" />",来自广东,5141546963304589,0,回复@ffghhhjj2233:老师，没有预算这个在哪里看到的啊，是导演发的文吗[泪],2122502980,甘甜凉茶,https://weibo.com/u/2122502980,nan,,其他,f,403,452,889,"1,533",153,"1,098","2,784"
34,5141374400463033,1802505394,25年03月07日 07:20,"回复<a href=/n/椒丝腐乳西兰花 usercard=""name=@椒丝腐乳西兰花"">@椒丝腐乳西兰花</a>:肯定是亏钱的，大同版权收入应该不少的，但拍最后几只mv时和导演说几乎没有预算",来自江苏,5141460694859822,9,回复@椒丝腐乳西兰花:肯定是亏钱的，大同版权收入应该不少的，但拍最后几只mv时和导演说几乎没有预算,7949949608,ffghhhjj2233,https://weibo.com/u/7949949608,nan,,其他,m,1,12,0,0,0,0,0
35,5141517975424515,1802505394,25年03月07日 15:52,"这家伙那时候的中文能不能理解桃花贼啊哈哈哈哈哈<img alt=""[泪]"" title=""[泪]"" src=""https://face.t.sinajs.cn/t4/appstyle/expression/ext/normal/6e/2018new_leimu_org.png"" />笑着就哭了",来自湖北,5141589694349873,15,这家伙那时候的中文能不能理解桃花贼啊哈哈哈哈哈[泪]笑着就哭了,6504872895,-biubiubiu要干脆面,https://weibo.com/u/6504872895,nan,日常杂博🌿,湖北,f,24,205,224,176,1,265,442
36,5141517975424515,1802505394,25年03月07日 11:43,那已经是很老的歌，所以有点时代局限性也是可以理解的,来自广东,5141527002090035,2,那已经是很老的歌，所以有点时代局限性也是可以理解的,1802505394,椒丝腐乳西兰花,https://weibo.com/u/1802505394,nan,浓颜美女,海外 哥伦比亚,f,2363,1006,19497,"37,054","7,607","41,614","86,275"
37,5141517975424515,1802505394,25年03月07日 13:35,应该是作词人用的早期戏曲话本里的词，紫玉钗应该也是戏曲或者话本中的，后面词也有写“小说里的爱”,来自福建,5141555087151548,17,应该是作词人用的早期戏曲话本里的词，紫玉钗应该也是戏曲或者话本中的，后面词也有写“小说里的爱”,1872191803,橘子郡小妞,https://weibo.com/u/1872191803,nan,你以目光感受　浪漫宁静宇宙 总不及两手　轻轻满身漫游,其他,f,1654,957,6946,"4,386",789,"2,518","7,693"
38,5141517975424515,1802505394,25年03月22日 23:02,"毕竟20年前、毕竟他的生长背景<img alt=""[嘘]"" title=""[嘘]"" src=""https://face.t.sinajs.cn/t4/appstyle/expression/ext/normal/b0/2018new_xu_org.png"" />",来自江苏,5147133670590973,0,毕竟20年前、毕竟他的生长背景[嘘],6170922396,白小小珍珠,https://weibo.com/u/6170922396,nan,中二少女💜,其他,f,134,956,138,14,11,214,239
39,5141517975424515,1802505394,25年03月13日 12:12,"我理解的桃花贼 可能是指偷心的人吧<img alt=""[doge]"" title=""[doge]"" src=""https://face.t.sinajs.cn/t4/appstyle/expression/ext/normal/a1/2018new_doge02_org.png"" />",来自安徽,5143708556594934,1,我理解的桃花贼 可能是指偷心的人吧[doge],7803435620,用户78034356202554,https://weibo.com/u/7803435620,nan,,其他,f,0,5,2,0,0,0,0
40,5141517975424515,1802505394,25年03月09日 02:43,"回复<a href=/n/镁分莓妙 usercard=""name=@镁分莓妙"">@镁分莓妙</a>:迷失香<img alt=""[允悲]"" title=""[允悲]"" src=""https://face.t.sinajs.cn/t4/appstyle/expression/ext/normal/83/2018new_kuxiao_org.png"" />",来自湖南,5142115747103238,1,回复@镁分莓妙:迷失香[允悲],7186807008,我一点都不甜__,https://weibo.com/u/7186807008,nan,我一点也不甜,浙江 杭州,m,69,366,1459,669,20,"2,329","3,018"
41,5141517975424515,1802505394,25年03月07日 17:46,"回复<a href=/n/-biubiubiu要干脆面 usercard=""name=@-biubiubiu要干脆面"">@-biubiubiu要干脆面</a>:确实，那个时候词还是周耀辉老师写的，大同估计都不知道是啥意思，每次发微博还有错别字<img alt=""[允悲]"" title=""[允悲]"" src=""https://face.t.sinajs.cn/t4/appstyle/expression/ext/normal/83/2018new_kuxiao_org.png"" /><img alt=""[泪]"" title=""[泪]"" src=""https://face.t.sinajs.cn/t4/appstyle/expression/ext/normal/6e/2018new_leimu_org.png"" />",来自四川,5141618349314776,5,回复@-biubiubiu要干脆面:确实，那个时候词还是周耀辉老师写的，大同估计都不知道是啥意思，每次发微博还有错别字[允悲][泪],6459139637,镁分莓妙,https://weibo.com/u/6459139637,nan,,四川,f,10,181,995,205,4,115,324
42,5141517975424515,1802505394,25年03月07日 16:45,"回复<a href=/n/-biubiubiu要干脆面 usercard=""name=@-biubiubiu要干脆面"">@-biubiubiu要干脆面</a>:应该有人会解释给他听啦",来自广东,5141602923446403,0,回复@-biubiubiu要干脆面:应该有人会解释给他听啦,1802505394,椒丝腐乳西兰花,https://weibo.com/u/1802505394,nan,浓颜美女,海外 哥伦比亚,f,2363,1006,19497,"37,054","7,607","41,614","86,275"
43,5141517975424515,1802505394,25年03月07日 13:54,"回复<a href=/n/橘子郡小妞 usercard=""name=@橘子郡小妞"">@橘子郡小妞</a>:你说得对耶",来自广东,5141559981900146,0,回复@橘子郡小妞:你说得对耶,1802505394,椒丝腐乳西兰花,https://weibo.com/u/1802505394,nan,浓颜美女,海外 哥伦比亚,f,2363,1006,19497,"37,054","7,607","41,614","86,275"
44,5142014035497212,1802505394,25年03月08日 22:50,他的脑回路不是女性喜欢做饭他就可以占女性的便宜，语气是“你喜欢，我也喜欢，那我们可以一起做，会很好玩”，很纯真。,来自广东,5142057077441430,22,他的脑回路不是女性喜欢做饭他就可以占女性的便宜，语气是“你喜欢，我也喜欢，那我们可以一起做，会很好玩”，很纯真。,1802505394,椒丝腐乳西兰花,https://weibo.com/u/1802505394,nan,浓颜美女,海外 哥伦比亚,f,2363,1006,19497,"37,054","7,607","41,614","86,275"
45,5142014035497212,1802505394,25年03月08日 20:43,"实在是太低调啦，他才不管红与不红<img alt=""[泪]"" title=""[泪]"" src=""https://face.t.sinajs.cn/t4/appstyle/expression/ext/normal/6e/2018new_leimu_org.png"" />",来自广东,5142025100855559,4,实在是太低调啦，他才不管红与不红[泪],6440927576,Cally挣大钱,https://weibo.com/u/6440927576,nan,,广东,f,1,268,6,0,0,0,0
46,5142014035497212,1802505394,25年03月09日 00:08,"回复<a href=/n/椒丝腐乳西兰花 usercard=""name=@椒丝腐乳西兰花"">@椒丝腐乳西兰花</a>:谢谢你！确实这几天躯体不良反应有点多",来自浙江,5142076786219907,2,回复@椒丝腐乳西兰花:谢谢你！确实这几天躯体不良反应有点多,7814986450,obbbbetter,https://weibo.com/u/7814986450,nan,,其他,f,52,80,354,820,319,"3,890","5,029"
47,5142014035497212,1802505394,25年03月09日 00:02,"回复<a href=/n/obbbbetter usercard=""name=@obbbbetter"">@obbbbetter</a>:伤心过度会伤身的，多多保重～",来自广东,5142075302218214,1,回复@obbbbetter:伤心过度会伤身的，多多保重～,1802505394,椒丝腐乳西兰花,https://weibo.com/u/1802505394,nan,浓颜美女,海外 哥伦比亚,f,2363,1006,19497,"37,054","7,607","41,614","86,275"
48,5142014035497212,1802505394,25年03月08日 22:53,"回复<a href=/n/椒丝腐乳西兰花 usercard=""name=@椒丝腐乳西兰花"">@椒丝腐乳西兰花</a>:是啊 你怎么那么会说话<img alt=""[悲伤]"" title=""[悲伤]"" src=""https://face.t.sinajs.cn/t4/appstyle/expression/ext/normal/ee/2018new_beishang_org.png"" />你那么讲 我的眼泪又不争气了<img alt=""[泪]"" title=""[泪]"" src=""https://face.t.sinajs.cn/t4/appstyle/expression/ext/normal/6e/2018new_leimu_org.png"" />",来自浙江,5142057829798929,1,回复@椒丝腐乳西兰花:是啊 你怎么那么会说话[悲伤]你那么讲 我的眼泪又不争气了[泪],7814986450,obbbbetter,https://weibo.com/u/7814986450,nan,,其他,f,52,80,354,820,319,"3,890","5,029"
49,5142060761088219,1802505394,25年03月09日 00:03,情胜策略我也很喜欢～,来自广东,5142075435912465,3,情胜策略我也很喜欢～,1802505394,椒丝腐乳西兰花,https://weibo.com/u/1802505394,nan,浓颜美女,海外 哥伦比亚,f,2363,1006,19497,"37,054","7,607","41,614","86,275"
50,5142060761088219,1802505394,25年03月23日 23:08,"你，你要对你的女人好，不要总说她不好，千万不要随便爱一个甩一个<img alt=""[泪]"" title=""[泪]"" src=""https://face.t.sinajs.cn/t4/appstyle/expression/ext/normal/6e/2018new_leimu_org.png"" /><img alt=""[泪]"" title=""[泪]"" src=""https://face.t.sinajs.cn/t4/appstyle/expression/ext/normal/6e/2018new_leimu_org.png"" /><img alt=""[泪]"" title=""[泪]"" src=""https://face.t.sinajs.cn/t4/appstyle/expression/ext/normal/6e/2018new_leimu_org.png"" />",来自辽宁,5147497632367946,1,你，你要对你的女人好，不要总说她不好，千万不要随便爱一个甩一个[泪][泪][泪],6111056189,为什么这样子pp,https://weibo.com/u/6111056189,nan,,北京 海淀区,m,31,50,7,12,0,35,47
51,5141317130651791,1802505394,25年03月09日 02:44,我讲真他是我唯一一个见过的上了三四十不登的男人。。。,来自湖南,5142116050927830,2,我讲真他是我唯一一个见过的上了三四十不登的男人。。。,7186807008,我一点都不甜__,https://weibo.com/u/7186807008,nan,我一点也不甜,浙江 杭州,m,69,366,1459,669,20,"2,329","3,018"
52,5141267290522305,1802505394,25年03月06日 18:40,是的，很好的人,来自广东,5141269380075923,1,是的，很好的人,1802505394,椒丝腐乳西兰花,https://weibo.com/u/1802505394,nan,浓颜美女,海外 哥伦比亚,f,2363,1006,19497,"37,054","7,607","41,614","86,275"
53,5141547913843145,1802505394,25年03月07日 13:27,是的！马世芳那期采访我也听了，而且他提到外婆也是这样的人，生命中这些美好女性对他影响很大。,来自广东,5141553035612765,9,是的！马世芳那期采访我也听了，而且他提到外婆也是这样的人，生命中这些美好女性对他影响很大。,1802505394,椒丝腐乳西兰花,https://weibo.com/u/1802505394,nan,浓颜美女,海外 哥伦比亚,f,2363,1006,19497,"37,054","7,607","41,614","86,275"
54,5141713341652207,1802505394,25年03月22日 23:04,"他的老灵魂<img alt=""[嘘]"" title=""[嘘]"" src=""https://face.t.sinajs.cn/t4/appstyle/expression/ext/normal/b0/2018new_xu_org.png"" />",来自江苏,5147134044931788,1,他的老灵魂[嘘],6170922396,白小小珍珠,https://weibo.com/u/6170922396,nan,中二少女💜,其他,f,134,956,138,14,11,214,239
55,5141488607430119,1802505394,25年03月13日 23:37,俺又想他了💧,来自湖南,5143880891371475,1,俺又想他了💧,7493241058,一颗的QQ空间,https://weibo.com/u/7493241058,nan,休息时间到💡,其他,f,133,169,190,780,29,714,"1,523"
56,5149178586989317,1802505394,25年03月28日 19:08,这个我好像也有印象！,来自广东,5149249123389098,0,这个我好像也有印象！,1802505394,椒丝腐乳西兰花,https://weibo.com/u/1802505394,nan,浓颜美女,海外 哥伦比亚,f,2363,1006,19497,"37,054","7,607","41,614","86,275"
57,5149178586989317,1802505394,25年03月29日 02:40,"回复<a href=/n/椒丝腐乳西兰花 usercard=""name=@椒丝腐乳西兰花"">@椒丝腐乳西兰花</a>:太可爱了<img alt=""[苦涩]"" title=""[苦涩]"" src=""https://face.t.sinajs.cn/t4/appstyle/expression/ext/normal/7e/2021_bitter_org.png"" />",来自浙江,5149362737119779,0,回复@椒丝腐乳西兰花:太可爱了[苦涩],2131423421,_31号星球,https://weibo.com/u/2131423421,nan,刚愎自用，禁止裹挟,浙江,f,739,1331,5260,"3,472",699,426,"4,597"
58,5154347155724411,1802505394,25年04月12日 14:32,高品质男性主要靠高品质女性用心栽培。也不用太担心，现在大家养小孩都越来越科学了，应该未来还是会有同同转世的，哈哈！,来自广东,5154615532193796,0,高品质男性主要靠高品质女性用心栽培。也不用太担心，现在大家养小孩都越来越科学了，应该未来还是会有同同转世的，哈哈！,1802505394,椒丝腐乳西兰花,https://weibo.com/u/1802505394,nan,浓颜美女,海外 哥伦比亚,f,2363,1006,19497,"37,054","7,607","41,614","86,275"
59,5149138304109519,1802505394,25年03月28日 19:09,爱是洗完！振聋发聩,来自广东,5149249348046068,1,爱是洗完！振聋发聩,1802505394,椒丝腐乳西兰花,https://weibo.com/u/1802505394,nan,浓颜美女,海外 哥伦比亚,f,2363,1006,19497,"37,054","7,607","41,614","86,275"
60,5142062602390073,1802505394,25年03月09日 00:03,不是我写得好，是他真的做了很多好事但他从来不拿出来营销。,来自广东,5142075612863686,2,不是我写得好，是他真的做了很多好事但他从来不拿出来营销。,1802505394,椒丝腐乳西兰花,https://weibo.com/u/1802505394,nan,浓颜美女,海外 哥伦比亚,f,2363,1006,19497,"37,054","7,607","41,614","86,275"
61,5141504084676773,1802505394,25年03月09日 11:14,"你的评论让我笑了一下<img alt=""[笑cry]"" title=""[笑cry]"" src=""https://face.t.sinajs.cn/t4/appstyle/expression/ext/normal/4a/2018new_xiaoku_thumb.png"" />",来自江苏,5142244496506914,0,你的评论让我笑了一下[笑cry],2310656154,不零不零璨粼粼,https://weibo.com/u/2310656154,nan,想的美就能美,重庆,f,322,95,3591,"6,114","1,251","3,998","11,363"
62,5141504084676773,1802505394,25年03月22日 18:29,"回复<a href=/n/不零不零璨粼粼 usercard=""name=@不零不零璨粼粼"">@不零不零璨粼粼</a>:看到这里已经泪眼婆娑快绷不住了，谢谢你又让我笑了起来",来自北京,5147064996991538,1,回复@不零不零璨粼粼:看到这里已经泪眼婆娑快绷不住了，谢谢你又让我笑了起来,2905368517,吐槽汹涌,https://weibo.com/u/2905368517,nan,,黑龙江 双鸭山,m,0,69,26,5,2,11,18
63,5141500712453289,1802505394,25年03月07日 11:41,因为他就是很好的人，其实写出来的这些事大家都知道的，只是我看好像没什么人从性别这个角度探讨他的为人。,来自广东,5141526536785480,4,因为他就是很好的人，其实写出来的这些事大家都知道的，只是我看好像没什么人从性别这个角度探讨他的为人。,1802505394,椒丝腐乳西兰花,https://weibo.com/u/1802505394,nan,浓颜美女,海外 哥伦比亚,f,2363,1006,19497,"37,054","7,607","41,614","86,275"
64,5141510014109186,1802505394,25年03月08日 08:21,"他是。你这评论看得我又想哭了<img alt=""[泪]"" title=""[泪]"" src=""https://face.t.sinajs.cn/t4/appstyle/expression/ext/normal/6e/2018new_leimu_org.png"" />",来自澳大利亚,5141838449085887,0,他是。你这评论看得我又想哭了[泪],7927479879,椰糖爆米花,https://weibo.com/u/7927479879,nan,好好生活 好好吃饭 好好睡觉,海外 澳大利亚,f,7,270,924,212,13,101,326
65,5130308580280311,5621117124,25年02月04日 12:56,她们都住在我微博了，24小时,来自江苏,5130311209845920,1,她们都住在我微博了，24小时,5621117124,马尔嗝利炖蛋克斯,https://weibo.com/u/5621117124,娱乐博主,,其他,f,23294,264,2482,"49,616","16,257","317,790","383,663"
66,5130308580280311,5621117124,25年02月07日 01:27,"回复<a href=/n/宋佳佳h usercard=""name=@宋佳佳h"">@宋佳佳h</a>:谢谢宝宝<img alt=""[给你小心心]"" title=""[给你小心心]"" src=""https://face.t.sinajs.cn/t4/appstyle/expression/ext/normal/ca/qixi2018_xiaoxinxin_org.png"" /><img alt=""[给你小心心]"" title=""[给你小心心]"" src=""https://face.t.sinajs.cn/t4/appstyle/expression/ext/normal/ca/qixi2018_xiaoxinxin_org.png"" /><img alt=""[给你小心心]"" title=""[给你小心心]"" src=""https://face.t.sinajs.cn/t4/appstyle/expression/ext/normal/ca/qixi2018_xiaoxinxin_org.png"" />",来自江苏,5131224993760902,0,回复@宋佳佳h:谢谢宝宝[给你小心心][给你小心心][给你小心心],5621117124,马尔嗝利炖蛋克斯,https://weibo.com/u/5621117124,娱乐博主,,其他,f,23294,264,2482,"49,616","16,257","317,790","383,663"
67,5130308580280311,5621117124,25年02月07日 01:25,"回复<a href=/n/马尔嗝利炖蛋克斯 usercard=""name=@马尔嗝利炖蛋克斯"">@马尔嗝利炖蛋克斯</a>:上升正主吗<img alt=""[吐]"" title=""[吐]"" src=""https://face.t.sinajs.cn/t4/appstyle/expression/ext/normal/08/2018new_tu_org.png"" />",来自贵州,5131224601069939,0,回复@马尔嗝利炖蛋克斯:上升正主吗[吐],3859804778,宋佳佳h,https://weibo.com/u/3859804778,nan,啦啦啦.,其他,f,50,151,1437,578,33,451,"1,062"
68,5130308580280311,5621117124,25年02月07日 01:25,"回复<a href=/n/马尔嗝利炖蛋克斯 usercard=""name=@马尔嗝利炖蛋克斯"">@马尔嗝利炖蛋克斯</a>:他家骂人没什么杀伤力（老师 我不是童丝别建议哈 但是我是好感童童的）",来自贵州,5131224479170704,0,回复@马尔嗝利炖蛋克斯:他家骂人没什么杀伤力（老师 我不是童丝别建议哈 但是我是好感童童的）,3859804778,宋佳佳h,https://weibo.com/u/3859804778,nan,啦啦啦.,其他,f,50,151,1437,578,33,451,"1,062"
69,5130308580280311,5621117124,25年02月07日 01:22,"回复<a href=/n/宋佳佳h usercard=""name=@宋佳佳h"">@宋佳佳h</a>:不痛不痒",来自江苏,5131223735468128,0,回复@宋佳佳h:不痛不痒,5621117124,马尔嗝利炖蛋克斯,https://weibo.com/u/5621117124,娱乐博主,,其他,f,23294,264,2482,"49,616","16,257","317,790","383,663"
70,5130308580280311,5621117124,25年02月07日 01:22,"回复<a href=/n/宋佳佳h usercard=""name=@宋佳佳h"">@宋佳佳h</a>:骂的童童多 删的太快了骂我比较少吧 顶多说我造谣让我去亖哈哈哈哈",来自江苏,5131223674390064,1,回复@宋佳佳h:骂的童童多 删的太快了骂我比较少吧 顶多说我造谣让我去亖哈哈哈哈,5621117124,马尔嗝利炖蛋克斯,https://weibo.com/u/5621117124,娱乐博主,,其他,f,23294,264,2482,"49,616","16,257","317,790","383,663"
71,5130308580280311,5621117124,25年02月07日 01:17,"回复<a href=/n/马尔嗝利炖蛋克斯 usercard=""name=@马尔嗝利炖蛋克斯"">@马尔嗝利炖蛋克斯</a>:老师有被骂吗",来自贵州,5131222531442252,0,回复@马尔嗝利炖蛋克斯:老师有被骂吗,3859804778,宋佳佳h,https://weibo.com/u/3859804778,nan,啦啦啦.,其他,f,50,151,1437,578,33,451,"1,062"
72,5130308580280311,5621117124,25年02月04日 12:59,"回复<a href=/n/马尔嗝利炖蛋克斯 usercard=""name=@马尔嗝利炖蛋克斯"">@马尔嗝利炖蛋克斯</a>:笑得我<img alt=""[允悲]"" title=""[允悲]"" src=""https://face.t.sinajs.cn/t4/appstyle/expression/ext/normal/83/2018new_kuxiao_org.png"" />",来自贵州,5130311953810844,0,回复@马尔嗝利炖蛋克斯:笑得我[允悲],7818690335,元气小甜豆拯救世界,https://weibo.com/u/7818690335,nan,🥣•ᴥ•🥣,贵州 毕节,f,61,166,555,162,12,84,258
73,5129779047826763,5621117124,25年02月03日 01:43,因为他在我们眼里普通的不能再普通了,来自广东,5129779487967433,3,因为他在我们眼里普通的不能再普通了,7565467102,TONG_7H,https://weibo.com/u/7565467102,nan,童禹坤,广东,f,18,91,2959,955,32,"1,191","2,178"
74,5129779047826763,5621117124,25年02月03日 01:41,想想他自己的原因,来自广东,5129779084265552,1,想想他自己的原因,7565467102,TONG_7H,https://weibo.com/u/7565467102,nan,童禹坤,广东,f,18,91,2959,955,32,"1,191","2,178"
75,5129779047826763,5621117124,25年02月03日 01:47,"回复<a href=/n/马尔嗝利炖蛋克斯 usercard=""name=@马尔嗝利炖蛋克斯"">@马尔嗝利炖蛋克斯</a>:她们眼里他有多厉害，多会写歌，其实都是因为我们追星给他们加上的滤镜，站在路人角度，根本没有人知道他的代表作，谁又真正理解这些东西？",来自广东,5129780540998033,2,回复@马尔嗝利炖蛋克斯:她们眼里他有多厉害，多会写歌，其实都是因为我们追星给他们加上的滤镜，站在路人角度，根本没有人知道他的代表作，谁又真正理解这些东西？,7565467102,TONG_7H,https://weibo.com/u/7565467102,nan,童禹坤,广东,f,18,91,2959,955,32,"1,191","2,178"
76,5129779047826763,5621117124,25年02月03日 01:45,"回复<a href=/n/TONG_7H usercard=""name=@TONG_7H"">@TONG_7H</a>:你说得对，他要是不普通，靠行动呀。靠嘴有啥用。我们不喜欢他还不就是因为他普通",来自江苏,5129780040829178,15,回复@TONG_7H:你说得对，他要是不普通，靠行动呀。靠嘴有啥用。我们不喜欢他还不就是因为他普通,5621117124,马尔嗝利炖蛋克斯,https://weibo.com/u/5621117124,娱乐博主,,其他,f,23294,264,2482,"49,616","16,257","317,790","383,663"
77,5129800482030860,5621117124,25年02月03日 03:09,你担世界第一破防人,来自江苏,5129801205286213,30,你担世界第一破防人,5621117124,马尔嗝利炖蛋克斯,https://weibo.com/u/5621117124,娱乐博主,,其他,f,23294,264,2482,"49,616","16,257","317,790","383,663"
78,5129800482030860,5621117124,25年02月03日 10:13,"我不说你破防 应该说你家正主都已经破防了哟<img alt=""[偷笑]"" title=""[偷笑]"" src=""https://face.t.sinajs.cn/t4/appstyle/expression/ext/normal/71/2018new_touxiao_org.png"" /><img alt=""[偷笑]"" title=""[偷笑]"" src=""https://face.t.sinajs.cn/t4/appstyle/expression/ext/normal/71/2018new_touxiao_org.png"" />",来自广东,5129907782291888,8,我不说你破防 应该说你家正主都已经破防了哟[偷笑][偷笑],7672466126,Z_头发好卷昂_T,https://weibo.com/u/7672466126,nan,（1️⃣🐏💰🚿）🐎 🥟 🍥 🐉 🐑 （🐙👁️7️⃣）,广东 揭阳,f,48,167,3250,553,3,238,794
79,5129800482030860,5621117124,25年02月03日 12:34,j逼滚,来自江西,5129943243821247,1,j逼滚,7568664790,落叶秋-秋K,https://weibo.com/u/7568664790,nan,童禹坤,其他,f,124,323,160,831,1,242,"1,074"
80,5129800482030860,5621117124,25年02月03日 09:50,"<img alt=""[允悲]"" title=""[允悲]"" src=""https://face.t.sinajs.cn/t4/appstyle/expression/ext/normal/83/2018new_kuxiao_org.png"" />怪不得tyk这么糊原来你家也知道他实力垃圾啊<img alt=""[偷乐]"" title=""[偷乐]"" src=""https://face.t.sinajs.cn/t4/appstyle/expression/ext/normal/fa/lxhtouxiao_thumb.gif"" />",来自湖南,5129902202554724,3,[允悲]怪不得tyk这么糊原来你家也知道他实力垃圾啊[偷乐],7617372472,亲爱的年糕墨墨小姐_,https://weibo.com/u/7617372472,nan,支持我幸福的的人 是隔着屏幕闪烁的你,其他,f,26,82,826,964,27,796,"1,787"
81,5129800482030860,5621117124,25年02月07日 01:08,"人家没有一句话急眼的怎么就破防了呢<img alt=""[允悲]"" title=""[允悲]"" src=""https://face.t.sinajs.cn/t4/appstyle/expression/ext/normal/83/2018new_kuxiao_org.png"" />",来自贵州,5131220307151170,0,人家没有一句话急眼的怎么就破防了呢[允悲],3859804778,宋佳佳h,https://weibo.com/u/3859804778,nan,啦啦啦.,其他,f,50,151,1437,578,33,451,"1,062"
82,5129800482030860,5621117124,25年02月03日 09:46,"回复<a href=/n/用户7834539082 usercard=""name=@用户7834539082"">@用户7834539082</a>://<a href=/n/墨染利丽 usercard=""name=@墨染利丽"">@墨染利丽</a>:回复<a href=/n/用户7834539082 usercard=""name=@用户7834539082"">@用户7834539082</a>:那只是歌词  不要过分阅读<img alt=""[doge]"" title=""[doge]"" src=""https://face.t.sinajs.cn/t4/appstyle/expression/ext/normal/a1/2018new_doge02_org.png"" /> 且不是你家先引战的吗？词是公司分的<img alt=""[允悲]"" title=""[允悲]"" src=""https://face.t.sinajs.cn/t4/appstyle/expression/ext/normal/83/2018new_kuxiao_org.png"" />有事找公司啊<img alt=""[允悲]"" title=""[允悲]"" src=""https://face.t.sinajs.cn/t4/appstyle/expression/ext/normal/83/2018new_kuxiao_org.png"" />关我家什么事，厂牌物料不看吗？",来自云南,5129901075857442,1,回复@用户7834539082://@墨染利丽:回复@用户7834539082:那只是歌词  不要过分阅读[doge] 且不是你家先引战的吗？词是公司分的[允悲]有事找公司啊[允悲]关我家什么事，厂牌物料不看吗？,7778281150,风吹出栀子花的思念,https://weibo.com/u/7778281150,nan,忙于学业，发帖放假会补,其他,m,23,73,344,229,38,118,385
83,5129800482030860,5621117124,25年02月06日 00:36,"回复<a href=/n/风吹出栀子花的思念 usercard=""name=@风吹出栀子花的思念"">@风吹出栀子花的思念</a>:太～有～实～力～<img alt=""[允悲]"" title=""[允悲]"" src=""https://face.t.sinajs.cn/t4/appstyle/expression/ext/normal/83/2018new_kuxiao_org.png"" /><img alt=""[允悲]"" title=""[允悲]"" src=""https://face.t.sinajs.cn/t4/appstyle/expression/ext/normal/83/2018new_kuxiao_org.png"" /><img alt=""[允悲]"" title=""[允悲]"" src=""https://face.t.sinajs.cn/t4/appstyle/expression/ext/normal/83/2018new_kuxiao_org.png"" />",来自安徽,5130849714179442,0,回复@风吹出栀子花的思念:太～有～实～力～[允悲][允悲][允悲],7938078691,阿童的小禹宙呀,https://weibo.com/u/7938078691,nan,₍˄·͈༝·͈˄*₎◞ ̑̑,其他,f,1,56,34,7,0,35,42
84,5129800482030860,5621117124,25年02月03日 13:01,"回复<a href=/n/亲爱的年糕墨墨小姐_ usercard=""name=@亲爱的年糕墨墨小姐_"">@亲爱的年糕墨墨小姐_</a>:<img alt=""[泪]"" title=""[泪]"" src=""https://face.t.sinajs.cn/t4/appstyle/expression/ext/normal/6e/2018new_leimu_org.png"" /><img alt=""[泪]"" title=""[泪]"" src=""https://face.t.sinajs.cn/t4/appstyle/expression/ext/normal/6e/2018new_leimu_org.png"" /><img alt=""[泪]"" title=""[泪]"" src=""https://face.t.sinajs.cn/t4/appstyle/expression/ext/normal/6e/2018new_leimu_org.png"" />破防了小姐姐<img alt=""[嘻嘻]"" title=""[嘻嘻]"" src=""https://face.t.sinajs.cn/t4/appstyle/expression/ext/normal/33/2018new_xixi_org.png"" />",来自江西,5129950059561546,0,回复@亲爱的年糕墨墨小姐_:[泪][泪][泪]破防了小姐姐[嘻嘻],7568664790,落叶秋-秋K,https://weibo.com/u/7568664790,nan,童禹坤,其他,f,124,323,160,831,1,242,"1,074"
85,5129800482030860,5621117124,25年02月03日 13:00,"回复<a href=/n/落叶秋-秋K usercard=""name=@落叶秋-秋K"">@落叶秋-秋K</a>:你这么喜欢top喊你正主去求啊<img alt=""[允悲]"" title=""[允悲]"" src=""https://face.t.sinajs.cn/t4/appstyle/expression/ext/normal/83/2018new_kuxiao_org.png"" /><img alt=""[允悲]"" title=""[允悲]"" src=""https://face.t.sinajs.cn/t4/appstyle/expression/ext/normal/83/2018new_kuxiao_org.png"" />我们也没说要进top你们理解能力是不是有点问题<img alt=""[作揖]"" title=""[作揖]"" src=""https://face.t.sinajs.cn/t4/appstyle/expression/ext/normal/e7/2018new_zuoyi_org.png"" /><img alt=""[黑线]"" title=""[黑线]"" src=""https://face.t.sinajs.cn/t4/appstyle/expression/ext/normal/a3/2018new_heixian_org.png"" />",来自湖南,5129949927703627,0,回复@落叶秋-秋K:你这么喜欢top喊你正主去求啊[允悲][允悲]我们也没说要进top你们理解能力是不是有点问题[作揖][黑线],7617372472,亲爱的年糕墨墨小姐_,https://weibo.com/u/7617372472,nan,支持我幸福的的人 是隔着屏幕闪烁的你,其他,f,26,82,826,964,27,796,"1,787"
86,5129800482030860,5621117124,25年02月03日 12:38,"回复<a href=/n/亲爱的年糕墨墨小姐_ usercard=""name=@亲爱的年糕墨墨小姐_"">@亲爱的年糕墨墨小姐_</a>:你担有实力<img alt=""[泪]"" title=""[泪]"" src=""https://face.t.sinajs.cn/t4/appstyle/expression/ext/normal/6e/2018new_leimu_org.png"" />你担也没在top啊<img alt=""[泪]"" title=""[泪]"" src=""https://face.t.sinajs.cn/t4/appstyle/expression/ext/normal/6e/2018new_leimu_org.png"" />",来自江西,5129944281645773,0,回复@亲爱的年糕墨墨小姐_:你担有实力[泪]你担也没在top啊[泪],7568664790,落叶秋-秋K,https://weibo.com/u/7568664790,nan,童禹坤,其他,f,124,323,160,831,1,242,"1,074"
87,5129800482030860,5621117124,25年02月03日 12:35,"回复<a href=/n/落叶秋-秋K usercard=""name=@落叶秋-秋K"">@落叶秋-秋K</a>:咋还急了呢？破防了？",来自云南,5129943527460454,0,回复@落叶秋-秋K:咋还急了呢？破防了？,7778281150,风吹出栀子花的思念,https://weibo.com/u/7778281150,nan,忙于学业，发帖放假会补,其他,m,23,73,344,229,38,118,385
88,5129800482030860,5621117124,25年02月03日 11:35,"回复<a href=/n/zyr的小尹 usercard=""name=@zyr的小尹"">@zyr的小尹</a>:其实是你们墨丝没长眼睛啊<img alt=""[笑cry]"" title=""[笑cry]"" src=""https://face.t.sinajs.cn/t4/appstyle/expression/ext/normal/4a/2018new_xiaoku_thumb.png"" />，别出来丢人了",来自湖北,5129928440025613,0,回复@zyr的小尹:其实是你们墨丝没长眼睛啊[笑cry]，别出来丢人了,7834539082,用户7834539082,https://weibo.com/u/7834539082,nan,,其他,f,9,238,330,29,0,35,64
89,5129800482030860,5621117124,25年02月03日 11:33,"回复<a href=/n/亲爱的年糕墨墨小姐_ usercard=""name=@亲爱的年糕墨墨小姐_"">@亲爱的年糕墨墨小姐_</a>:你这么关注我家粉圈吗 也难怪粉随正主<img alt=""[偷乐]"" title=""[偷乐]"" src=""https://face.t.sinajs.cn/t4/appstyle/expression/ext/normal/fa/lxhtouxiao_thumb.gif"" /><img alt=""[偷乐]"" title=""[偷乐]"" src=""https://face.t.sinajs.cn/t4/appstyle/expression/ext/normal/fa/lxhtouxiao_thumb.gif"" />",来自山东,5129927923864343,2,回复@亲爱的年糕墨墨小姐_:你这么关注我家粉圈吗 也难怪粉随正主[偷乐][偷乐],7882274295,卷兔辑汨_Sakura,https://weibo.com/u/7882274295,nan,不再被情绪左右,其他,f,378,219,461,261,19,338,618
90,5129800482030860,5621117124,25年02月03日 11:31,"回复<a href=/n/卷兔辑汨_Sakura usercard=""name=@卷兔辑汨_Sakura"">@卷兔辑汨_Sakura</a>:到底谁稀罕跟团出道啊你家这么想你怎么也没出呀<img alt=""[黑线]"" title=""[黑线]"" src=""https://face.t.sinajs.cn/t4/appstyle/expression/ext/normal/a3/2018new_heixian_org.png"" />",来自湖南,5129927417137400,1,回复@卷兔辑汨_Sakura:到底谁稀罕跟团出道啊你家这么想你怎么也没出呀[黑线],7617372472,亲爱的年糕墨墨小姐_,https://weibo.com/u/7617372472,nan,支持我幸福的的人 是隔着屏幕闪烁的你,其他,f,26,82,826,964,27,796,"1,787"
91,5129800482030860,5621117124,25年02月03日 11:23,"回复<a href=/n/亲爱的年糕墨墨小姐_ usercard=""name=@亲爱的年糕墨墨小姐_"">@亲爱的年糕墨墨小姐_</a>:谁也别笑谁，你家这么有实力怎么不跟团出道<img alt=""[偷乐]"" title=""[偷乐]"" src=""https://face.t.sinajs.cn/t4/appstyle/expression/ext/normal/fa/lxhtouxiao_thumb.gif"" />",来自山东,5129925518696570,1,回复@亲爱的年糕墨墨小姐_:谁也别笑谁，你家这么有实力怎么不跟团出道[偷乐],7882274295,卷兔辑汨_Sakura,https://weibo.com/u/7882274295,nan,不再被情绪左右,其他,f,378,219,461,261,19,338,618
92,5129800482030860,5621117124,25年02月03日 10:47,"回复<a href=/n/Z_头发好卷昂_T usercard=""name=@Z_头发好卷昂_T"">@Z_头发好卷昂_T</a>:是不想<img alt=""[挖鼻]"" title=""[挖鼻]"" src=""https://face.t.sinajs.cn/t4/appstyle/expression/ext/normal/9a/2018new_wabi_thumb.png"" />",来自云南,5129916435926040,0,回复@Z_头发好卷昂_T:是不想[挖鼻],7778281150,风吹出栀子花的思念,https://weibo.com/u/7778281150,nan,忙于学业，发帖放假会补,其他,m,23,73,344,229,38,118,385
93,5129800482030860,5621117124,25年02月03日 10:44,"回复<a href=/n/墨染利丽 usercard=""name=@墨染利丽"">@墨染利丽</a>:哟哟哟 是不想还是怂",来自广东,5129915756970269,0,回复@墨染利丽:哟哟哟 是不想还是怂,7672466126,Z_头发好卷昂_T,https://weibo.com/u/7672466126,nan,（1️⃣🐏💰🚿）🐎 🥟 🍥 🐉 🐑 （🐙👁️7️⃣）,广东 揭阳,f,48,167,3250,553,3,238,794
94,5129800482030860,5621117124,25年02月03日 10:42,"回复<a href=/n/Z_头发好卷昂_T usercard=""name=@Z_头发好卷昂_T"">@Z_头发好卷昂_T</a>:因为不想跟你讲话 只能应付几句了",来自云南,5129915224031899,0,回复@Z_头发好卷昂_T:因为不想跟你讲话 只能应付几句了,7778281150,风吹出栀子花的思念,https://weibo.com/u/7778281150,nan,忙于学业，发帖放假会补,其他,m,23,73,344,229,38,118,385
95,5129800482030860,5621117124,25年02月03日 10:33,"回复<a href=/n/墨染利丽 usercard=""name=@墨染利丽"">@墨染利丽</a>:没话说在我这飙成语<img alt=""[允悲]"" title=""[允悲]"" src=""https://face.t.sinajs.cn/t4/appstyle/expression/ext/normal/83/2018new_kuxiao_org.png"" />好笑哈",来自广东,5129912966452980,0,回复@墨染利丽:没话说在我这飙成语[允悲]好笑哈,7672466126,Z_头发好卷昂_T,https://weibo.com/u/7672466126,nan,（1️⃣🐏💰🚿）🐎 🥟 🍥 🐉 🐑 （🐙👁️7️⃣）,广东 揭阳,f,48,167,3250,553,3,238,794
96,5129800482030860,5621117124,25年02月03日 10:32,"回复<a href=/n/Z_头发好卷昂_T usercard=""name=@Z_头发好卷昂_T"">@Z_头发好卷昂_T</a>:我行我素",来自云南,5129912537317585,0,回复@Z_头发好卷昂_T:我行我素,7778281150,风吹出栀子花的思念,https://weibo.com/u/7778281150,nan,忙于学业，发帖放假会补,其他,m,23,73,344,229,38,118,385
97,5129781580400321,5621117124,25年02月03日 01:54,外表温和 内里很坚硬 一男人,来自江苏,5129782218719602,7,外表温和 内里很坚硬 一男人,5621117124,马尔嗝利炖蛋克斯,https://weibo.com/u/5621117124,娱乐博主,,其他,f,23294,264,2482,"49,616","16,257","317,790","383,663"
98,5129777484925131,5621117124,25年02月03日 01:46,与其说被墨丝无语到，不如说是被zzm浦南味呛到了,来自江苏,5129780230620476,14,与其说被墨丝无语到，不如说是被zzm浦南味呛到了,5621117124,马尔嗝利炖蛋克斯,https://weibo.com/u/5621117124,娱乐博主,,其他,f,23294,264,2482,"49,616","16,257","317,790","383,663"
99,5129777484925131,5621117124,25年02月05日 16:25,"本来大家都挺好的  不是你先开始瞎说的吗<img alt=""[允悲]"" title=""[允悲]"" src=""https://face.t.sinajs.cn/t4/appstyle/expression/ext/normal/83/2018new_kuxiao_org.png"" />  这时候又怪上我们了  你也是无敌了孩子  恶人先告状",来自山西,5130726198478884,0,本来大家都挺好的  不是你先开始瞎说的吗[允悲]  这时候又怪上我们了  你也是无敌了孩子  恶人先告状,7006820317,汀昊说M,https://weibo.com/u/7006820317,nan,,山西,f,1,52,14,0,0,3,3
100,5129777484925131,5621117124,25年02月05日 16:50,"回复<a href=/n/汀昊说M usercard=""name=@汀昊说M"">@汀昊说M</a>:你在干嘛？我瞎说啥 我就一个没有引导力的散粉 正常对喷 怎么就我瞎说了 回复人之前都不看一下吗<img alt=""[笑cry]"" title=""[笑cry]"" src=""https://face.t.sinajs.cn/t4/appstyle/expression/ext/normal/4a/2018new_xiaoku_thumb.png"" /><img alt=""[允悲]"" title=""[允悲]"" src=""https://face.t.sinajs.cn/t4/appstyle/expression/ext/normal/83/2018new_kuxiao_org.png"" />",来自广东,5130732676055662,0,回复@汀昊说M:你在干嘛？我瞎说啥 我就一个没有引导力的散粉 正常对喷 怎么就我瞎说了 回复人之前都不看一下吗[笑cry][允悲],7815337766,-叫我昱哥-,https://weibo.com/u/7815337766,nan,ALL FOR TYK,其他,f,20,100,2364,"1,099",17,470,"1,586"
101,5129780097714017,5621117124,25年02月03日 01:46,童童是女王,来自江苏,5129780328399921,1,童童是女王,5621117124,马尔嗝利炖蛋克斯,https://weibo.com/u/5621117124,娱乐博主,,其他,f,23294,264,2482,"49,616","16,257","317,790","383,663"
102,5129782037055948,5621117124,25年02月03日 18:05,"哈哈哈我们家可一直都是父母记录的呢<img alt=""[开学季]"" title=""[开学季]"" src=""https://face.t.sinajs.cn/t4/appstyle/expression/ext/normal/72/2021_kaixueji_org.png"" />这七八年接受过父爱母爱吗<img alt=""[偷笑]"" title=""[偷笑]"" src=""https://face.t.sinajs.cn/t4/appstyle/expression/ext/normal/71/2018new_touxiao_org.png"" />",来自陕西,5130026626581841,7,哈哈哈我们家可一直都是父母记录的呢[开学季]这七八年接受过父爱母爱吗[偷笑],7941627217,yue_an__,https://weibo.com/u/7941627217,nan,,其他,m,2,7,12,1,0,7,8
103,5129782037055948,5621117124,25年02月06日 07:58,"回复<a href=/n/Z墨MO usercard=""name=@Z墨MO"">@Z墨MO</a>:有公司记录呀，而且童禹坤搬去武汉有一期物料要求做任务在人群中大喊，我是最帅的清洁工还是妈妈帮他拍的，后面还是妈妈和妹妹一起帮他收拾工具的，妈妈还在旁边说小心一点呢",来自安徽,5130960987227676,2,回复@Z墨MO:有公司记录呀，而且童禹坤搬去武汉有一期物料要求做任务在人群中大喊，我是最帅的清洁工还是妈妈帮他拍的，后面还是妈妈和妹妹一起帮他收拾工具的，妈妈还在旁边说小心一点呢,7566070744,卷卷毛的小馒,https://weibo.com/u/7566070744,nan,主人@穆祉丞@童禹坤 infp双鱼 理想型@黄明昊Justin  可扩列(非我担属性勿来) (雷所有我担cp，我是梦女),安徽,f,11,25,2,5,2,14,21
104,5129782037055948,5621117124,25年02月04日 15:16,"回复<a href=/n/Z墨MO usercard=""name=@Z墨MO"">@Z墨MO</a>:关我什么事<img alt=""[费解]"" title=""[费解]"" src=""https://face.t.sinajs.cn/t4/appstyle/expression/ext/normal/2a/2018new_wenhao_org.png"" />神经兮兮的，谁先说缺爱的，苍蝇绕狗屎的一群东西",来自广西,5130346557348605,2,回复@Z墨MO:关我什么事[费解]神经兮兮的，谁先说缺爱的，苍蝇绕狗屎的一群东西,7272527722,一袋米扛七楼_,https://weibo.com/u/7272527722,nan,着迷于你眼睛，银河有迹可循,广西,f,21,205,6837,"1,777",412,951,"3,140"
105,5129782037055948,5621117124,25年02月04日 15:15,"回复<a href=/n/一袋米扛七楼_ usercard=""name=@一袋米扛七楼_"">@一袋米扛七楼_</a>:那你也挺缺爱的吧 小时候吃烤串去游乐园玩也被父母记录 而且24年平遥电影展也是朋友推荐的 你担朋友也推荐过吗<img alt=""[挤眼]"" title=""[挤眼]"" src=""https://face.t.sinajs.cn/t4/appstyle/expression/ext/normal/43/2018new_jiyan_org.png"" />",来自山东,5130346148659442,4,回复@一袋米扛七楼_:那你也挺缺爱的吧 小时候吃烤串去游乐园玩也被父母记录 而且24年平遥电影展也是朋友推荐的 你担朋友也推荐过吗[挤眼],6481490805,失眠小千_,https://weibo.com/u/6481490805,nan,左奇函唯粉 在考虑转毒唯 🗑️：zeh，巨雷CSH！ 不担子墨了 但是好感 偶尔也会反黑做数据什么的 不磕cp！ 无条件相信左奇函！,山东 泰安,f,3,23,259,83,9,176,268
106,5129782037055948,5621117124,25年02月04日 14:46,"回复<a href=/n/Z墨MO usercard=""name=@Z墨MO"">@Z墨MO</a>:缺爱的是你吧<img alt=""[费解]"" title=""[费解]"" src=""https://face.t.sinajs.cn/t4/appstyle/expression/ext/normal/2a/2018new_wenhao_org.png"" />小时候发过爸妈拍的弹尤克里里的视频，他爸会去看他路演，爷爷会去公司接他，爸妈会因为他去武汉上学就搬去武汉生活，童禹坤原话“就比如说有时候早上起来给我做饭”“然后有时候在家很晚都等着我呀”",来自广西,5130339001304998,4,回复@Z墨MO:缺爱的是你吧[费解]小时候发过爸妈拍的弹尤克里里的视频，他爸会去看他路演，爷爷会去公司接他，爸妈会因为他去武汉上学就搬去武汉生活，童禹坤原话“就比如说有时候早上起来给我做饭”“然后有时候在家很晚都等着我呀”,7272527722,一袋米扛七楼_,https://weibo.com/u/7272527722,nan,着迷于你眼睛，银河有迹可循,广西,f,21,205,6837,"1,777",412,951,"3,140"
107,5129782037055948,5621117124,25年02月04日 14:26,"回复<a href=/n/一袋米扛七楼_ usercard=""name=@一袋米扛七楼_"">@一袋米扛七楼_</a>:那怎么没见你担被父母从小记录呢<img alt=""[允悲]"" title=""[允悲]"" src=""https://face.t.sinajs.cn/t4/appstyle/expression/ext/normal/83/2018new_kuxiao_org.png"" />",来自山东,5130333901031368,3,回复@一袋米扛七楼_:那怎么没见你担被父母从小记录呢[允悲],6481490805,失眠小千_,https://weibo.com/u/6481490805,nan,左奇函唯粉 在考虑转毒唯 🗑️：zeh，巨雷CSH！ 不担子墨了 但是好感 偶尔也会反黑做数据什么的 不磕cp！ 无条件相信左奇函！,山东 泰安,f,3,23,259,83,9,176,268
108,5129782037055948,5621117124,25年02月03日 19:15,"回复<a href=/n/yue_an__ usercard=""name=@yue_an__"">@yue_an__</a>:最不缺的就是父爱母爱<img alt=""[嘻嘻]"" title=""[嘻嘻]"" src=""https://face.t.sinajs.cn/t4/appstyle/expression/ext/normal/33/2018new_xixi_org.png"" />",来自广西,5130044362198462,3,回复@yue_an__:最不缺的就是父爱母爱[嘻嘻],7272527722,一袋米扛七楼_,https://weibo.com/u/7272527722,nan,着迷于你眼睛，银河有迹可循,广西,f,21,205,6837,"1,777",412,951,"3,140"
109,5129910429685106,5621117124,25年02月03日 17:09,"人人都是普通人，没有人是神仙哈，神仙也不挡别人镜头呢<img alt=""[太开心]"" title=""[太开心]"" src=""https://face.t.sinajs.cn/t4/appstyle/expression/ext/normal/1e/2018new_taikaixin_org.png"" />",来自辽宁,5130012611316368,19,人人都是普通人，没有人是神仙哈，神仙也不挡别人镜头呢[太开心],7183448819,卷卷薯条嘟嘟,https://weibo.com/u/7183448819,nan,少惹你爹,其他,f,3,24,307,33,4,255,292
110,5129910429685106,5621117124,25年02月05日 20:17,"没事的，张子墨比我们家更普通呢<img alt=""[心]"" title=""[心]"" src=""https://face.t.sinajs.cn/t4/appstyle/expression/ext/normal/8a/2018new_xin_org.png"" />",来自云南,5130784770628375,2,没事的，张子墨比我们家更普通呢[心],7883022153,棕色毛巾卷-,https://weibo.com/u/7883022153,nan,TOP↑童禹坤    张奕然 嘴比较毒哈，最烦输不起的，特别是喜欢玩拉黑的,云南 昆明,f,10,79,36,11,0,41,52
111,5129910429685106,5621117124,25年04月05日 22:07,"没关系宝宝，童禹坤站老馍旁边看着就不普通了<img alt=""[举手]"" title=""[举手]"" src=""https://face.t.sinajs.cn/t4/appstyle/expression/ext/normal/fd/2022_raisehand_org.png"" />",来自河南,5152193204194313,0,没关系宝宝，童禹坤站老馍旁边看着就不普通了[举手],7806214011,祺个咙咚呛,https://weibo.com/u/7806214011,nan,,其他,f,37,95,328,451,8,99,558
112,5129910429685106,5621117124,25年02月06日 21:09,"哇哇哇，张子墨舞都跳不好诶，貌似比童禹坤更普通吧<img alt=""[偷笑]"" title=""[偷笑]"" src=""https://face.t.sinajs.cn/t4/appstyle/expression/ext/normal/71/2018new_touxiao_org.png"" /><img alt=""[偷笑]"" title=""[偷笑]"" src=""https://face.t.sinajs.cn/t4/appstyle/expression/ext/normal/71/2018new_touxiao_org.png"" />",来自重庆,5131160130424233,0,哇哇哇，张子墨舞都跳不好诶，貌似比童禹坤更普通吧[偷笑][偷笑],7602793557,航童卷R,https://weibo.com/u/7602793557,nan,有这么多优秀的人了，总该有人负责普通啊💙💙💙 本人是左航童禹坤双担粉,重庆,f,4,49,281,75,7,63,145
113,5129910429685106,5621117124,25年02月05日 08:54,"回复<a href=/n/Z墨MO usercard=""name=@Z墨MO"">@Z墨MO</a>:哇塞，现在挡人镜头都有理了，这要是反过来，你们还不知道得闹成什么样呢，没理就闭嘴吧小姐姐<img alt=""[亲亲]"" title=""[亲亲]"" src=""https://face.t.sinajs.cn/t4/appstyle/expression/ext/normal/2c/2018new_qinqin_org.png"" />",来自辽宁,5130612807830172,4,回复@Z墨MO:哇塞，现在挡人镜头都有理了，这要是反过来，你们还不知道得闹成什么样呢，没理就闭嘴吧小姐姐[亲亲],7183448819,卷卷薯条嘟嘟,https://weibo.com/u/7183448819,nan,少惹你爹,其他,f,3,24,307,33,4,255,292
114,5129776749347019,5621117124,25年02月03日 11:47,"你家是愁楠<img alt=""[允悲]"" title=""[允悲]"" src=""https://face.t.sinajs.cn/t4/appstyle/expression/ext/normal/83/2018new_kuxiao_org.png"" />",来自山东,5129931455467661,1,你家是愁楠[允悲],7941560193,一只小圆_1,https://weibo.com/u/7941560193,nan,,其他,f,23,53,24,4,0,0,4
115,5129776749347019,5621117124,25年02月03日 17:41,"回复<a href=/n/一只小圆_1 usercard=""name=@一只小圆_1"">@一只小圆_1</a>:到底谁破防了呀🐶",来自江苏,5130020647865719,1,回复@一只小圆_1:到底谁破防了呀🐶,6445374890,钮钴禄泡泡-,https://weibo.com/u/6445374890,娱乐博主 超话粉丝大咖（童禹坤超话） 微博剪辑视频博主,We're all the way up up up,江苏,f,11056,2395,7658,"44,092","8,645,796","21,030","8,710,918"
116,5129776749347019,5621117124,25年02月03日 17:21,"回复<a href=/n/钮钴禄泡泡- usercard=""name=@钮钴禄泡泡-"">@钮钴禄泡泡-</a>:说句愁楠就破防了啊有本事别评论啊你评论了我为啥不能评论<img alt=""[doge]"" title=""[doge]"" src=""https://face.t.sinajs.cn/t4/appstyle/expression/ext/normal/a1/2018new_doge02_org.png"" />",来自山东,5130015518497953,0,回复@钮钴禄泡泡-:说句愁楠就破防了啊有本事别评论啊你评论了我为啥不能评论[doge],7941560193,一只小圆_1,https://weibo.com/u/7941560193,nan,,其他,f,23,53,24,4,0,0,4
117,5129890304624626,5621117124,25年02月03日 16:45,"10年啊 怎么没和top一起出道 也不想想是自担哪里的问题 我们10个月没出道 那我们问心无愧啊<img alt=""[害羞]"" title=""[害羞]"" src=""https://face.t.sinajs.cn/t4/appstyle/expression/ext/normal/c1/2018new_haixiu_org.png"" />",来自甘肃,5130006623948065,4,10年啊 怎么没和top一起出道 也不想想是自担哪里的问题 我们10个月没出道 那我们问心无愧啊[害羞],3944277959,Elton_听墨愿宁,https://weibo.com/u/3944277959,超话粉丝钻咖（张子墨超话）,𝙈𝙮 𝙡𝙤𝙫𝙚@TF-ING张子墨MO,其他,m,316,188,1936,"10,893",511,"1,367","12,771"
118,5129890304624626,5621117124,25年02月05日 16:25,你聪明啊？你智力高考上清华北大了哈？？,来自山西,5130726381196350,0,你聪明啊？你智力高考上清华北大了哈？？,7006820317,汀昊说M,https://weibo.com/u/7006820317,nan,,山西,f,1,52,14,0,0,3,3
119,5129890304624626,5621117124,25年02月03日 20:17,"回复<a href=/n/一袋米扛七楼_ usercard=""name=@一袋米扛七楼_"">@一袋米扛七楼_</a>:你是理解能力有问题吗 是人吗 我说来sdfj 理解能力有问题就多做点阅读理解",来自甘肃,5130059971306234,0,回复@一袋米扛七楼_:你是理解能力有问题吗 是人吗 我说来sdfj 理解能力有问题就多做点阅读理解,3944277959,Elton_听墨愿宁,https://weibo.com/u/3944277959,超话粉丝钻咖（张子墨超话）,𝙈𝙮 𝙡𝙤𝙫𝙚@TF-ING张子墨MO,其他,m,316,188,1936,"10,893",511,"1,367","12,771"
120,5129890304624626,5621117124,25年02月03日 19:36,"回复<a href=/n/序墨春诗_ usercard=""name=@序墨春诗_"">@序墨春诗_</a>:只是十个月啊<img alt=""[允悲]"" title=""[允悲]"" src=""https://face.t.sinajs.cn/t4/appstyle/expression/ext/normal/83/2018new_kuxiao_org.png"" />网红这几年白玩了",来自广西,5130049510441801,0,回复@序墨春诗_:只是十个月啊[允悲]网红这几年白玩了,7272527722,一袋米扛七楼_,https://weibo.com/u/7272527722,nan,着迷于你眼睛，银河有迹可循,广西,f,21,205,6837,"1,777",412,951,"3,140"
121,5129890304624626,5621117124,25年02月03日 16:49,"回复<a href=/n/禹琮实况_ usercard=""name=@禹琮实况_"">@禹琮实况_</a>:童禹坤上楼这么多年🈚原创歌曲🈚出圈舞台<img alt=""[打call]"" title=""[打call]"" src=""https://face.t.sinajs.cn/t4/appstyle/expression/ext/normal/39/moren_dacall02_org.png"" /> 童禹坤上楼这么多年🈚原创歌曲🈚出圈舞台<img alt=""[打call]"" title=""[打call]"" src=""https://face.t.sinajs.cn/t4/appstyle/expression/ext/normal/39/moren_dacall02_org.png"" /> 童禹坤上楼这么多年🈚原创歌曲🈚出圈舞台<img alt=""[打call]"" title=""[打call]"" src=""https://face.t.sinajs.cn/t4/appstyle/expression/ext/normal/39/moren_dacall02_org.png"" /> 童禹坤上楼这么多年🈚原创歌曲🈚出圈舞台<img alt=""[打call]"" title=""[打call]"" src=""https://face.t.sinajs.cn/t4/appstyle/expression/ext/normal/39/moren_dacall02_org.png"" /> 童禹坤上楼这么多年🈚原创歌曲🈚出圈舞台<img alt=""[打call]"" title=""[打call]"" src=""https://face.t.sinajs.cn/t4/appstyle/expression/ext/normal/39/moren_dacall02_org.png"" />",来自甘肃,5130007561110642,1,回复@禹琮实况_:童禹坤上楼这么多年🈚原创歌曲🈚出圈舞台[打call] 童禹坤上楼这么多年🈚原创歌曲🈚出圈舞台[打call] 童禹坤上楼这么多年🈚原创歌曲🈚出圈舞台[打call] 童禹坤上楼这么多年🈚原创歌曲🈚出圈舞台[打call] 童禹坤上楼这么多年🈚原创歌曲🈚出圈舞台[打call],3944277959,Elton_听墨愿宁,https://weibo.com/u/3944277959,超话粉丝钻咖（张子墨超话）,𝙈𝙮 𝙡𝙤𝙫𝙚@TF-ING张子墨MO,其他,m,316,188,1936,"10,893",511,"1,367","12,771"
122,5129890304624626,5621117124,25年02月03日 16:49,"回复<a href=/n/禹琮实况_ usercard=""name=@禹琮实况_"">@禹琮实况_</a>:嘴长在我身上 我就说了 怎么了  你担怎么没有原创歌曲和出圈舞台啊",来自甘肃,5130007521264241,1,回复@禹琮实况_:嘴长在我身上 我就说了 怎么了  你担怎么没有原创歌曲和出圈舞台啊,3944277959,Elton_听墨愿宁,https://weibo.com/u/3944277959,超话粉丝钻咖（张子墨超话）,𝙈𝙮 𝙡𝙤𝙫𝙚@TF-ING张子墨MO,其他,m,316,188,1936,"10,893",511,"1,367","12,771"
123,5129890304624626,5621117124,25年02月03日 16:47,"回复<a href=/n/序墨春诗_ usercard=""name=@序墨春诗_"">@序墨春诗_</a>:快闭嘴哇 反正我们没有手脚不协调 连圣诞节手势舞也不会拍😋",来自山西,5130006945073409,0,回复@序墨春诗_:快闭嘴哇 反正我们没有手脚不协调 连圣诞节手势舞也不会拍😋,7796035965,卷毛天菜_Live,https://weibo.com/u/7796035965,nan,“祝你永远hakunamatata！”,山西,f,1211,460,1499,"8,543","2,515",466,"11,524"
124,5129876797654285,5621117124,25年02月03日 08:12,"他有一种我无法表达的美好<img alt=""[苦涩]"" title=""[苦涩]"" src=""https://face.t.sinajs.cn/t4/appstyle/expression/ext/normal/7e/2021_bitter_org.png"" />只能一次次的重复“他很好 真的很好”",来自马来西亚,5129877412644545,4,他有一种我无法表达的美好[苦涩]只能一次次的重复“他很好 真的很好”,7943814074,抽象爆炸头,https://weibo.com/u/7943814074,nan,属性很杂 📍🗺️马来西亚 土生土长的马来西亚人 不要再问我什么时候回国啦！我本来就在自己国家里！,其他,f,27,188,797,311,12,287,610
125,5129903986706974,5621117124,25年02月03日 12:07,别太招笑了，好意思放我们那个手机壳，他们家那个收藏夹里看白袜男的，不得比我们劲爆,来自广东,5129936667154672,0,别太招笑了，好意思放我们那个手机壳，他们家那个收藏夹里看白袜男的，不得比我们劲爆,7565467102,TONG_7H,https://weibo.com/u/7565467102,nan,童禹坤,广东,f,18,91,2959,955,32,"1,191","2,178"
126,5130305199669978,5621117124,25年02月06日 15:10,"回复<a href=/n/等你3分钟 usercard=""name=@等你3分钟"">@等你3分钟</a>:自己搜去呗<img alt=""[挖鼻]"" title=""[挖鼻]"" src=""https://face.t.sinajs.cn/t4/appstyle/expression/ext/normal/9a/2018new_wabi_thumb.png"" />网上全是你还怕你搜不到啊",来自四川,5131069899409495,0,回复@等你3分钟:自己搜去呗[挖鼻]网上全是你还怕你搜不到啊,5574027420,蝴蝶纪念册_,https://weibo.com/u/5574027420,nan,黄朔,四川 达州,f,32,76,169,249,26,729,"1,004"
127,5130305199669978,5621117124,25年02月06日 15:04,"回复<a href=/n/等你3分钟 usercard=""name=@等你3分钟"">@等你3分钟</a>:你说啥呢妹子",来自四川,5131068305051472,0,回复@等你3分钟:你说啥呢妹子,5574027420,蝴蝶纪念册_,https://weibo.com/u/5574027420,nan,黄朔,四川 达州,f,32,76,169,249,26,729,"1,004"
128,5130305199669978,5621117124,25年02月05日 22:19,"回复<a href=/n/墨卷初酥铲112 usercard=""name=@墨卷初酥铲112"">@墨卷初酥铲112</a>:行了行了直接毕业吧<img alt=""[挖鼻]"" title=""[挖鼻]"" src=""https://face.t.sinajs.cn/t4/appstyle/expression/ext/normal/9a/2018new_wabi_thumb.png"" />",来自四川,5130815348674722,0,回复@墨卷初酥铲112:行了行了直接毕业吧[挖鼻],5574027420,蝴蝶纪念册_,https://weibo.com/u/5574027420,nan,黄朔,四川 达州,f,32,76,169,249,26,729,"1,004"
129,5130305199669978,5621117124,25年02月05日 22:15,"回复<a href=/n/墨卷初酥铲112 usercard=""name=@墨卷初酥铲112"">@墨卷初酥铲112</a>:这就是你家子墨哥哥发的 还不让别人发了<img alt=""[挖鼻]"" title=""[挖鼻]"" src=""https://face.t.sinajs.cn/t4/appstyle/expression/ext/normal/9a/2018new_wabi_thumb.png"" />",来自四川,5130814413083513,0,回复@墨卷初酥铲112:这就是你家子墨哥哥发的 还不让别人发了[挖鼻],5574027420,蝴蝶纪念册_,https://weibo.com/u/5574027420,nan,黄朔,四川 达州,f,32,76,169,249,26,729,"1,004"
130,5124112311126856,3933837306,25年01月18日 10:24,"首创日出演唱会，鸟巢四面台连开第一人，鸟巢最年轻开唱者，官方认证国内演唱会单场观众人数最多纪录。奥运舞美为巡演保驾护航，千万舞台造价彰显文化自信。北京双场20w人，日出单场13w人，巡演8城19场动员人次百万➕华语乐坛断层🔝<a href=/n/华晨宇yu usercard=""name=@华晨宇yu"">@华晨宇yu</a>",来自湖南,5124112469200893,0,首创日出演唱会，鸟巢四面台连开第一人，鸟巢最年轻开唱者，官方认证国内演唱会单场观众人数最多纪录。奥运舞美为巡演保驾护航，千万舞台造价彰显文化自信。北京双场20w人，日出单场13w人，巡演8城19场动员人次百万➕华语乐坛断层🔝@华晨宇yu,3933837306,fafa小华yu,https://weibo.com/u/3933837306,nan,我们在重温 我们,湖南 长沙,f,272,249,6104,"1,839",487,"3,995","6,321"
131,5124111655241507,3933837306,25年01月18日 10:21,"首创日出演唱会，鸟巢四面台连开第一人，鸟巢最年轻开唱者，官方认证国内演唱会单场观众人数最多纪录。奥运舞美为巡演保驾护航，千万舞台造价彰显文化自信。北京双场20w人，日出单场13w人，巡演8城19场动员人次百万➕华语乐坛断层🔝<a href=/n/华晨宇yu usercard=""name=@华晨宇yu"">@华晨宇yu</a>",来自湖南,5124111762721234,0,首创日出演唱会，鸟巢四面台连开第一人，鸟巢最年轻开唱者，官方认证国内演唱会单场观众人数最多纪录。奥运舞美为巡演保驾护航，千万舞台造价彰显文化自信。北京双场20w人，日出单场13w人，巡演8城19场动员人次百万➕华语乐坛断层🔝@华晨宇yu,3933837306,fafa小华yu,https://weibo.com/u/3933837306,nan,我们在重温 我们,湖南 长沙,f,272,249,6104,"1,839",487,"3,995","6,321"
132,5124111881995767,3933837306,25年01月18日 10:24,"鸟巢不准开四面台？让一让，鸟巢四面台第一人华晨宇来也。 内娱不准开延伸台不准开摇滚区？让一让，华晨宇携手奥运会舞美团队带着超长超美的延伸台、中国史上造价最高的演唱会舞台，以及从下午唱到晚上的超长时间乐园式全摇滚站票区演唱会来了。<a href=/n/华晨宇yu usercard=""name=@华晨宇yu"">@华晨宇yu</a>",来自湖南,5124112491483498,0,鸟巢不准开四面台？让一让，鸟巢四面台第一人华晨宇来也。 内娱不准开延伸台不准开摇滚区？让一让，华晨宇携手奥运会舞美团队带着超长超美的延伸台、中国史上造价最高的演唱会舞台，以及从下午唱到晚上的超长时间乐园式全摇滚站票区演唱会来了。@华晨宇yu,3933837306,fafa小华yu,https://weibo.com/u/3933837306,nan,我们在重温 我们,湖南 长沙,f,272,249,6104,"1,839",487,"3,995","6,321"
133,5124111567422126,3933837306,25年01月18日 10:21,"鸟巢不准开四面台？让一让，鸟巢四面台第一人华晨宇来也。 内娱不准开延伸台不准开摇滚区？让一让，华晨宇携手奥运会舞美团队带着超长超美的延伸台、中国史上造价最高的演唱会舞台，以及从下午唱到晚上的超长时间乐园式全摇滚站票区演唱会来了。<a href=/n/华晨宇yu usercard=""name=@华晨宇yu"">@华晨宇yu</a>",来自湖南,5124111750135877,0,鸟巢不准开四面台？让一让，鸟巢四面台第一人华晨宇来也。 内娱不准开延伸台不准开摇滚区？让一让，华晨宇携手奥运会舞美团队带着超长超美的延伸台、中国史上造价最高的演唱会舞台，以及从下午唱到晚上的超长时间乐园式全摇滚站票区演唱会来了。@华晨宇yu,3933837306,fafa小华yu,https://weibo.com/u/3933837306,nan,我们在重温 我们,湖南 长沙,f,272,249,6104,"1,839",487,"3,995","6,321"
134,5124111519187907,3933837306,25年01月18日 10:21,🔥华语乐坛领军唱作人华晨宇🔥携个人第六张创作专辑强势来袭‼️先行曲《风之海》《那些我尚未知道的美丽》《普通到不普通的人生》网易云收听🔥新歌《忒修斯的船》🚢《怪诞心理学》👾《温暖的房子》🏠《不重逢》《人之爱》💕《晨光里有你》☀️演唱会官摄均已上线微博/B站/视频号🔥,来自湖南,5124111732834570,0,🔥华语乐坛领军唱作人华晨宇🔥携个人第六张创作专辑强势来袭‼️先行曲《风之海》《那些我尚未知道的美丽》《普通到不普通的人生》网易云收听🔥新歌《忒修斯的船》🚢《怪诞心理学》👾《温暖的房子》🏠《不重逢》《人之爱》💕《晨光里有你》☀️演唱会官摄均已上线微博/B站/视频号🔥,3933837306,fafa小华yu,https://weibo.com/u/3933837306,nan,我们在重温 我们,湖南 长沙,f,272,249,6104,"1,839",487,"3,995","6,321"
135,5111756723323018,6716588850,24年12月15日 08:22,"啊啊啊姐妹你好勇敢，我就是在成都工作的。我们都是最幸福的小女孩<img alt=""[打call]"" title=""[打call]"" src=""https://face.t.sinajs.cn/t4/appstyle/expression/ext/normal/39/moren_dacall02_org.png"" /><img alt=""[打call]"" title=""[打call]"" src=""https://face.t.sinajs.cn/t4/appstyle/expression/ext/normal/39/moren_dacall02_org.png"" /><img alt=""[打call]"" title=""[打call]"" src=""https://face.t.sinajs.cn/t4/appstyle/expression/ext/normal/39/moren_dacall02_org.png"" />",来自四川,5111760510781018,0,啊啊啊姐妹你好勇敢，我就是在成都工作的。我们都是最幸福的小女孩[打call][打call][打call],6716588850,sentiment_maker,https://weibo.com/u/6716588850,nan,镇魂,四川,m,32,339,1099,734,0,294,"1,028"
136,5111750722586246,6716588850,24年12月15日 07:54,"“我必须成为我，你也可以成为你”<img alt=""[泪]"" title=""[泪]"" src=""https://face.t.sinajs.cn/t4/appstyle/expression/ext/normal/6e/2018new_leimu_org.png"" /><img alt=""[泪]"" title=""[泪]"" src=""https://face.t.sinajs.cn/t4/appstyle/expression/ext/normal/6e/2018new_leimu_org.png"" />",来自四川,5111753459107838,0,“我必须成为我，你也可以成为你”[泪][泪],6716588850,sentiment_maker,https://weibo.com/u/6716588850,nan,镇魂,四川,m,32,339,1099,734,0,294,"1,028"
137,5112272395699148,6716588850,24年12月16日 21:58,"创造奇迹，我就是你，你就是我<img alt=""[泪]"" title=""[泪]"" src=""https://face.t.sinajs.cn/t4/appstyle/expression/ext/normal/6e/2018new_leimu_org.png"" />（向小巡催一下gai哥的纯唱专辑<img alt=""[开学季]"" title=""[开学季]"" src=""https://face.t.sinajs.cn/t4/appstyle/expression/ext/normal/72/2021_kaixueji_org.png"" />）",来自四川,5112328169458376,0,创造奇迹，我就是你，你就是我[泪]（向小巡催一下gai哥的纯唱专辑[开学季]）,6716588850,sentiment_maker,https://weibo.com/u/6716588850,nan,镇魂,四川,m,32,339,1099,734,0,294,"1,028"
138,5108595370495315,1682492557,24年12月06日 16:08,哇这几首我都听过捏！！yellowsuki！,来自上海,5108616353022147,0,哇这几首我都听过捏！！yellowsuki！,1682492557,柒禾兔Nanami_恋语怪兽,https://weibo.com/u/1682492557,恋语怪兽KOIMON偶像团体成员 微博原创视频博主,一天一天，日臻美好💕,河北,f,145674,551,1668,"15,523","2,031","49,872","67,426"
139,5108595370495315,1682492557,24年12月06日 16:11,"回复<a href=/n/柒禾兔Nanami_恋语怪兽 usercard=""name=@柒禾兔Nanami_恋语怪兽"">@柒禾兔Nanami_恋语怪兽</a>:天呐 曲库王柒<img alt=""[兔子]"" title=""[兔子]"" src=""https://face.t.sinajs.cn/t4/appstyle/expression/ext/normal/c6/2018new_tuzi_org.png"" />",来自上海,5108617147846065,0,回复@柒禾兔Nanami_恋语怪兽:天呐 曲库王柒[兔子],6370956891,super棒棒糖_,https://weibo.com/u/6370956891,nan,推恋语怪兽柒禾兔Nanami&光光_hikari&吃一只瓜瓜（✨🍉cp我嗑！） 再推OISHII柠檬&绮丽偶像研修生小释特别有趣的孩子,其他,m,173,591,352,611,1,724,"1,336"
140,5108583991872047,1682492557,24年12月06日 16:08,太好了变成天使了！,来自上海,5108616271757907,0,太好了变成天使了！,1682492557,柒禾兔Nanami_恋语怪兽,https://weibo.com/u/1682492557,恋语怪兽KOIMON偶像团体成员 微博原创视频博主,一天一天，日臻美好💕,河北,f,145674,551,1668,"15,523","2,031","49,872","67,426"
141,5108583991872047,1682492557,24年12月06日 14:14,主唱居然真的是徐若瑄诶！,来自浙江,5108587573544479,0,主唱居然真的是徐若瑄诶！,1897352963,怪兽饲养员怒刃苍陨,https://weibo.com/u/1897352963,nan,最是凝眸无限意，似曾相识在前生。,浙江 湖州,m,98,156,379,241,48,306,595
142,5108583991872047,1682492557,24年12月06日 14:07,关于小美人鱼的故事，我们小时候所看的是经过译者翻译删改和本土化改编的版本，原著是一部宗教色彩非常浓厚的作品，所以故事逐渐放飞自我的后半段根本没有选取——小美人鱼不计代价地寻求爱情的原因是她的族母告诉她——只有当一个人真正地爱你时，他的灵魂会分给你一半，才能拥有你所渴望的不灭的灵魂,来自浙江,5108585868822071,0,关于小美人鱼的故事，我们小时候所看的是经过译者翻译删改和本土化改编的版本，原著是一部宗教色彩非常浓厚的作品，所以故事逐渐放飞自我的后半段根本没有选取——小美人鱼不计代价地寻求爱情的原因是她的族母告诉她——只有当一个人真正地爱你时，他的灵魂会分给你一半，才能拥有你所渴望的不灭的灵魂,1897352963,怪兽饲养员怒刃苍陨,https://weibo.com/u/1897352963,nan,最是凝眸无限意，似曾相识在前生。,浙江 湖州,m,98,156,379,241,48,306,595
143,5108583991872047,1682492557,24年12月06日 16:17,"回复<a href=/n/柒禾兔Nanami_恋语怪兽 usercard=""name=@柒禾兔Nanami_恋语怪兽"">@柒禾兔Nanami_恋语怪兽</a>:<img alt=""[doge]"" title=""[doge]"" src=""https://face.t.sinajs.cn/t4/appstyle/expression/ext/normal/a1/2018new_doge02_org.png"" />你也是小天使",来自浙江,5108618498150252,0,回复@柒禾兔Nanami_恋语怪兽:[doge]你也是小天使,1897352963,怪兽饲养员怒刃苍陨,https://weibo.com/u/1897352963,nan,最是凝眸无限意，似曾相识在前生。,浙江 湖州,m,98,156,379,241,48,306,595
144,5108583991872047,1682492557,24年12月06日 14:12,"回复<a href=/n/怪兽饲养员怒刃苍陨 usercard=""name=@怪兽饲养员怒刃苍陨"">@怪兽饲养员怒刃苍陨</a>:而在她不愿伤害他人最终选择了化为泡沫后，却没有幻灭——迎接她的天使告诉她，获得不灭的灵魂并不只有那一种方法。你为了他人选择了自己承受痛苦，你比追求一份真正的爱情更加勇敢。现在，可以通过她自己的努力用三百年得到一个真正不灭的灵魂——作为天使行善，得到笑容可以减一天，而泪水需要加一天",来自浙江,5108587183997447,0,回复@怪兽饲养员怒刃苍陨:而在她不愿伤害他人最终选择了化为泡沫后，却没有幻灭——迎接她的天使告诉她，获得不灭的灵魂并不只有那一种方法。你为了他人选择了自己承受痛苦，你比追求一份真正的爱情更加勇敢。现在，可以通过她自己的努力用三百年得到一个真正不灭的灵魂——作为天使行善，得到笑容可以减一天，而泪水需要加一天,1897352963,怪兽饲养员怒刃苍陨,https://weibo.com/u/1897352963,nan,最是凝眸无限意，似曾相识在前生。,浙江 湖州,m,98,156,379,241,48,306,595
145,5108582154768251,1682492557,24年12月06日 16:09,青花瓷也好听！是不是还有一首红尘客栈？,来自上海,5108616480426527,0,青花瓷也好听！是不是还有一首红尘客栈？,1682492557,柒禾兔Nanami_恋语怪兽,https://weibo.com/u/1682492557,恋语怪兽KOIMON偶像团体成员 微博原创视频博主,一天一天，日臻美好💕,河北,f,145674,551,1668,"15,523","2,031","49,872","67,426"
146,5108582154768251,1682492557,24年12月06日 16:15,"回复<a href=/n/柒禾兔Nanami_恋语怪兽 usercard=""name=@柒禾兔Nanami_恋语怪兽"">@柒禾兔Nanami_恋语怪兽</a>:是的呢，超爱周董的国风歌曲",来自辽宁,5108618037299859,0,回复@柒禾兔Nanami_恋语怪兽:是的呢，超爱周董的国风歌曲,6033099241,羽翔天际YU,https://weibo.com/u/6033099241,nan,主推恋语怪兽柒禾兔Nanami和笙笙EVE,辽宁 阜新,m,96,471,432,"1,344",14,"1,624","2,982"
147,5108588944818333,1682492557,24年12月06日 16:09,哈哈哈哈哈听吧！,来自上海,5108616506115901,0,哈哈哈哈哈听吧！,1682492557,柒禾兔Nanami_恋语怪兽,https://weibo.com/u/1682492557,恋语怪兽KOIMON偶像团体成员 微博原创视频博主,一天一天，日臻美好💕,河北,f,145674,551,1668,"15,523","2,031","49,872","67,426"
148,5108585526727319,1682492557,24年12月06日 16:09,"哇这首也好好听！是夏天的感觉<img alt=""[可怜]"" title=""[可怜]"" src=""https://face.t.sinajs.cn/t4/appstyle/expression/ext/normal/96/2018new_kelian_org.png"" />",来自上海,5108616569555164,0,哇这首也好好听！是夏天的感觉[可怜],1682492557,柒禾兔Nanami_恋语怪兽,https://weibo.com/u/1682492557,恋语怪兽KOIMON偶像团体成员 微博原创视频博主,一天一天，日臻美好💕,河北,f,145674,551,1668,"15,523","2,031","49,872","67,426"
149,5108585526727319,1682492557,24年12月06日 14:06,这个乐队名字好可爱、,来自江苏,5108585627912400,0,这个乐队名字好可爱、,5717183894,这条小鱼在呼_,https://weibo.com/u/5717183894,nan,say hello to fish🐟 不认同我就不要评论我 /镇魂,上海,f,154,951,3100,"3,059",186,"1,853","5,098"
150,5108584196605297,1682492557,24年12月06日 16:09,"听听！！<img alt=""[馋嘴]"" title=""[馋嘴]"" src=""https://face.t.sinajs.cn/t4/appstyle/expression/ext/normal/fa/2018new_chanzui_org.png"" />",来自上海,5108616644007097,0,听听！！[馋嘴],1682492557,柒禾兔Nanami_恋语怪兽,https://weibo.com/u/1682492557,恋语怪兽KOIMON偶像团体成员 微博原创视频博主,一天一天，日臻美好💕,河北,f,145674,551,1668,"15,523","2,031","49,872","67,426"
151,5108584196605297,1682492557,24年12月06日 16:34,"回复<a href=/n/柒禾兔Nanami_恋语怪兽 usercard=""name=@柒禾兔Nanami_恋语怪兽"">@柒禾兔Nanami_恋语怪兽</a>:好",来自浙江,5108622902165916,0,回复@柒禾兔Nanami_恋语怪兽:好,3243763142,霁川Shimizu全肯定,https://weibo.com/u/3243763142,nan,飞鼠永远是对的,浙江 湖州,f,667,3002,2382,nan,nan,nan,nan
152,5079383109277871,7822980111,24年09月17日 00:06,还是中秋快乐,来自江苏,5079383234052439,0,还是中秋快乐,7738813365,风华绝代王铁柱,https://weibo.com/u/7738813365,nan,爱意在夜里翻墙 是空空荡荡 却嗡嗡作响,其他,f,13,105,1875,415,61,142,618
153,5058057266005057,7498872329,24年07月20日 03:45,"尤瑞卡牛逼<img alt=""[泪]"" title=""[泪]"" src=""https://face.t.sinajs.cn/t4/appstyle/expression/ext/normal/6e/2018new_leimu_org.png"" />",来自北京,5058057316336681,1,尤瑞卡牛逼[泪],7383671547,sky-dys,https://weibo.com/u/7383671547,nan,酒神的秘密特工.,其他,f,49,754,2013,696,17,"2,570","3,283"
154,5056535204463175,7498872329,24年07月15日 22:58,超级好听！！！单曲循环一天啦,来自吉林,5056535547875137,1,超级好听！！！单曲循环一天啦,5818421693,Jun涵涵涵-,https://weibo.com/u/5818421693,nan,梦想是统治世界,吉林 长春,f,22,134,59,29,0,109,138
155,5056193720227379,7498872329,24年07月15日 00:19,"听哭了 <a target=""_blank"" data-pid=0083H8gzly1hro0y044aqj327g11kh1j  href=""https://wx2.sinaimg.cn/large/0083H8gzly1hro0y044aqj327g11kh1j.jpg""><img class=""icon-link"" title=""http://t.cn/A6Qkufxk"" src=""https://h5.sinaimg.cn/upload/2015/01/21/20/timeline_card_small_photo_default.png""/>查看图片</a>",来自北京,5056193757974613,1,听哭了 http://t.cn/A6Qkufxk,7383671547,sky-dys,https://weibo.com/u/7383671547,nan,酒神的秘密特工.,其他,f,51,759,2014,696,17,"2,570","3,283"
156,5038792514473958,2240812785,24年05月28日 00:10,"刺客 我明天还得拿那破榴莲去维权呢<img alt=""[跪了]"" title=""[跪了]"" src=""https://face.t.sinajs.cn/t4/appstyle/expression/ext/normal/75/2018new_gui_org.png"" />",来自广东,5038796855313181,0,刺客 我明天还得拿那破榴莲去维权呢[跪了],2240812785,shallwetalktalkk,https://weibo.com/u/2240812785,nan,偶尔做个好人,广东,f,196,200,1295,"1,655",11,"1,117","2,783"
157,5038792514473958,2240812785,24年05月28日 00:16,蹲个后续，舌战大润发！,来自四川,5038798235238414,7,蹲个后续，舌战大润发！,5986040573,谁都别想影响我拔刀的速度啊,https://weibo.com/u/5986040573,nan,任性和自我是一种被低估的美德,陕西 西安,m,114,158,521,704,9,559,"1,272"
158,5038789319724245,2240812785,24年05月28日 00:10,哈不出了哥们,来自广东,5038796674437377,0,哈不出了哥们,2240812785,shallwetalktalkk,https://weibo.com/u/2240812785,nan,偶尔做个好人,广东,f,196,200,1295,"1,655",11,"1,117","2,783"
159,5026066843833594,3021645061,24年04月22日 21:08,但是当面不说 表面是个成熟的大人,来自安徽,5026067453313218,0,但是当面不说 表面是个成熟的大人,3021645061,大碗葱姜蒜香菜辣椒都要,https://weibo.com/u/3021645061,nan,距离暴富又近一天,安徽 合肥,f,98,546,1642,"2,377",324,"1,141","3,842"
160,5026066843833594,3021645061,24年04月22日 21:10,"回复<a href=/n/阿冻不要草莓冻 usercard=""name=@阿冻不要草莓冻"">@阿冻不要草莓冻</a>:那我不用 我希望能把钱包一起塞我手里",来自安徽,5026067788334447,0,回复@阿冻不要草莓冻:那我不用 我希望能把钱包一起塞我手里,3021645061,大碗葱姜蒜香菜辣椒都要,https://weibo.com/u/3021645061,nan,距离暴富又近一天,安徽 合肥,f,98,546,1642,"2,377",324,"1,141","3,842"
161,5026066843833594,3021645061,24年04月22日 21:09,"回复<a href=/n/大碗葱姜蒜香菜辣椒都要 usercard=""name=@大碗葱姜蒜香菜辣椒都要"">@大碗葱姜蒜香菜辣椒都要</a>:dddd！谁能不爱！恨不得自己被塞进他钱包里",来自安徽,5026067646252047,0,回复@大碗葱姜蒜香菜辣椒都要:dddd！谁能不爱！恨不得自己被塞进他钱包里,3198501261,阿冻不要草莓冻,https://weibo.com/u/3198501261,nan,过分可爱,安徽 合肥,f,52,52,101,121,1,43,165
162,5025901538443763,3021645061,24年04月22日 10:42,哈哈哈哈哈天啊我根本没有意识到！你总结完全正确哈哈哈哈,来自安徽,5025909759282596,0,哈哈哈哈哈天啊我根本没有意识到！你总结完全正确哈哈哈哈,3021645061,大碗葱姜蒜香菜辣椒都要,https://weibo.com/u/3021645061,nan,距离暴富又近一天,安徽 合肥,f,98,546,1642,"2,377",324,"1,141","3,842"
163,5026278778077533,3021645061,24年04月23日 11:20,哈哈哈哈哈哈哈哈哈哈哈哈哈哈哈哈哈哈好好好合肥场这么说（不是）,来自安徽,5026281820001462,0,哈哈哈哈哈哈哈哈哈哈哈哈哈哈哈哈哈哈好好好合肥场这么说（不是）,3021645061,大碗葱姜蒜香菜辣椒都要,https://weibo.com/u/3021645061,nan,距离暴富又近一天,安徽 合肥,f,98,546,1642,"2,377",324,"1,141","3,842"
164,5026062937621845,3021645061,24年04月22日 20:59,是真的是真的！超级开心！,来自安徽,5026065044737834,0,是真的是真的！超级开心！,3021645061,大碗葱姜蒜香菜辣椒都要,https://weibo.com/u/3021645061,nan,距离暴富又近一天,安徽 合肥,f,98,546,1642,"2,377",324,"1,141","3,842"
165,4962174746492960,7252207497,23年10月29日 14:05,"越来越难抢了<img alt=""[泪]"" title=""[泪]"" src=""https://face.t.sinajs.cn/t4/appstyle/expression/ext/normal/6e/2018new_leimu_org.png"" />",来自河南,4962180668591101,1,越来越难抢了[泪],6014891510,moutain山,https://weibo.com/u/6014891510,nan,🇨🇳Caa visual communication design Alibaba D20 global youth designer 🇺🇳ACIYLS 2024 youth leadership,海外,f,161,1162,1687,736,3,"1,959","2,698"
166,4962185300151229,7252207497,23年10月29日 23:01,"真真的，我19年在青岛看了之后，简直啦！！！昨天又来咸阳了，太好了<img alt=""[打call]"" title=""[打call]"" src=""https://face.t.sinajs.cn/t4/appstyle/expression/ext/normal/39/moren_dacall02_org.png"" /><img alt=""[打call]"" title=""[打call]"" src=""https://face.t.sinajs.cn/t4/appstyle/expression/ext/normal/39/moren_dacall02_org.png"" /><img alt=""[打call]"" title=""[打call]"" src=""https://face.t.sinajs.cn/t4/appstyle/expression/ext/normal/39/moren_dacall02_org.png"" /><img alt=""[打call]"" title=""[打call]"" src=""https://face.t.sinajs.cn/t4/appstyle/expression/ext/normal/39/moren_dacall02_org.png"" />",来自陕西,4962315469325614,0,真真的，我19年在青岛看了之后，简直啦！！！昨天又来咸阳了，太好了[打call][打call][打call][打call],2848454877,与君此夜需沉醉灬,https://weibo.com/u/2848454877,nan,他强任他强，清风拂山岗！,山东 济南,m,223,738,1667,573,34,505,"1,112"
167,4962185300151229,7252207497,23年10月31日 12:18,"回复<a href=/n/阿宣1216 usercard=""name=@阿宣1216"">@阿宣1216</a>:这都让你发现了<img alt=""[doge]"" title=""[doge]"" src=""https://face.t.sinajs.cn/t4/appstyle/expression/ext/normal/a1/2018new_doge02_org.png"" />我还都录了视频<img alt=""[打call]"" title=""[打call]"" src=""https://face.t.sinajs.cn/t4/appstyle/expression/ext/normal/39/moren_dacall02_org.png"" /><img alt=""[打call]"" title=""[打call]"" src=""https://face.t.sinajs.cn/t4/appstyle/expression/ext/normal/39/moren_dacall02_org.png"" /><img alt=""[打call]"" title=""[打call]"" src=""https://face.t.sinajs.cn/t4/appstyle/expression/ext/normal/39/moren_dacall02_org.png"" />",来自山东,4962878640097147,0,回复@阿宣1216:这都让你发现了[doge]我还都录了视频[打call][打call][打call],2848454877,与君此夜需沉醉灬,https://weibo.com/u/2848454877,nan,他强任他强，清风拂山岗！,山东 济南,m,223,738,1667,573,34,505,"1,112"
168,4962185300151229,7252207497,23年10月31日 09:57,"回复<a href=/n/与君此夜需沉醉灬 usercard=""name=@与君此夜需沉醉灬"">@与君此夜需沉醉灬</a>:那你小子听两次现场版起风了？<img alt=""[泪]"" title=""[泪]"" src=""https://face.t.sinajs.cn/t4/appstyle/expression/ext/normal/6e/2018new_leimu_org.png"" />",来自河南,4962843033341244,0,回复@与君此夜需沉醉灬:那你小子听两次现场版起风了？[泪],6356857016,阿宣1216,https://weibo.com/u/6356857016,nan,你的眼是我此生不遇的海👀,河南,m,6,11,43,17,0,64,81
169,4962176794627051,7252207497,23年10月29日 17:10,希望希望！！,来自陕西,4962227159828340,0,希望希望！！,5636514638,重拾原本就属于我的快乐-,https://weibo.com/u/5636514638,nan,你往前走 我在后面 别害怕💜,陕西,f,17,195,467,350,0,291,641
170,4888731259244286,6572774584,23年04月16日 00:06,哈哈哈姐妹们我要笑死啦  老是在村里逛 看大家的帖子  在演唱会视频里发疯   都不知道有人会回应我的微博哈哈哈,来自广东,4890941599776877,0,哈哈哈姐妹们我要笑死啦  老是在村里逛 看大家的帖子  在演唱会视频里发疯   都不知道有人会回应我的微博哈哈哈,6572774584,华花心yu,https://weibo.com/u/6572774584,nan,但我会向前看૮ ⚆⚆ა,其他,f,42,66,1258,446,20,"1,050","1,516"
171,4888991995007441,6572774584,23年04月16日 00:07,"<img alt=""[馋嘴]"" title=""[馋嘴]"" src=""https://face.t.sinajs.cn/t4/appstyle/expression/ext/normal/fa/2018new_chanzui_org.png"" /><img alt=""[馋嘴]"" title=""[馋嘴]"" src=""https://face.t.sinajs.cn/t4/appstyle/expression/ext/normal/fa/2018new_chanzui_org.png"" />耶  我要当着他的面和老大说我没有男朋友<img alt=""[馋嘴]"" title=""[馋嘴]"" src=""https://face.t.sinajs.cn/t4/appstyle/expression/ext/normal/fa/2018new_chanzui_org.png"" /><img alt=""[馋嘴]"" title=""[馋嘴]"" src=""https://face.t.sinajs.cn/t4/appstyle/expression/ext/normal/fa/2018new_chanzui_org.png"" />",来自广东,4890941720110133,0,[馋嘴][馋嘴]耶  我要当着他的面和老大说我没有男朋友[馋嘴][馋嘴],6572774584,华花心yu,https://weibo.com/u/6572774584,nan,但我会向前看૮ ⚆⚆ა,其他,f,42,66,1258,446,20,"1,050","1,516"
172,4860900294787342,5343681081,23年01月23日 04:22,nagisa怎么说,来自河北,4860927797625356,0,nagisa怎么说,5343681081,海绵宝宝柚恩,https://weibo.com/u/5343681081,nan,关注柚恩不加糖喵~ | “走过你的情节一遍一遍 不知不觉飞过每个冬天”,江苏 南京,m,485,864,4776,"1,318",333,"1,181","2,832"
173,4852923357724847,2341131553,23年01月01日 09:12,"添加惹！又有的听了<img alt=""[彩虹屁]"" title=""[彩虹屁]"" src=""https://face.t.sinajs.cn/t4/appstyle/expression/ext/normal/4b/2022_praise_org.png"" />",来自北京,4853028195145280,0,添加惹！又有的听了[彩虹屁],2341131553,-BreathAnd-Life,https://weibo.com/u/2341131553,nan,无数渺小的思考填满了人的一生,北京,f,402,573,522,"2,761",75,"1,497","4,333"
174,4852923357724847,2341131553,23年01月01日 15:45,"回复<a href=/n/-BreathAnd-Life usercard=""name=@-BreathAnd-Life"">@-BreathAnd-Life</a>:嘿嘿 今天刚听完老男人的年度歌单",来自加拿大,4853126982542226,0,回复@-BreathAnd-Life:嘿嘿 今天刚听完老男人的年度歌单,3032459254,噢你哦你哦,https://weibo.com/u/3032459254,nan,随便说点废话,其他,f,167,177,132,306,3,133,442
175,4852891259254007,2341131553,23年01月01日 00:14,哈哈哈哈少了我的精神污染,来自北京,4852892739575238,0,哈哈哈哈少了我的精神污染,2341131553,-BreathAnd-Life,https://weibo.com/u/2341131553,nan,无数渺小的思考填满了人的一生,北京,f,402,573,522,"2,761",75,"1,497","4,333"
176,4852163735986069,1596247027,22年12月30日 00:19,"那年应该是买专辑了<img alt=""[哈哈]"" title=""[哈哈]"" src=""https://face.t.sinajs.cn/t4/appstyle/expression/ext/normal/8f/2018new_haha_org.png"" />",来自上海,4852169326987958,0,那年应该是买专辑了[哈哈],1596247027,漩涡小河豚丶,https://weibo.com/u/1596247027,nan,东团♥️火影🍥杨幂🐝,上海,f,10629,230,22484,"11,834","31,474","26,581","69,889"
177,4812958012543245,1015171862,22年09月12日 19:44,哈哈哈哈哈玉竹 柴记也有 而且这是鸡蛋茶不地道了包琳砸,来自江苏,4812962302270333,0,哈哈哈哈哈玉竹 柴记也有 而且这是鸡蛋茶不地道了包琳砸,1015171862,李玥岑,https://weibo.com/u/1015171862,nan,您好,其他,f,216,275,564,"1,737",8,"2,390","4,135"
178,4812958012543245,1015171862,22年09月12日 23:18,斗碗也有,来自山东,4813015973369154,0,斗碗也有,5031729067,兰兰是男男_,https://weibo.com/u/5031729067,超话粉丝大咖（易烊千玺超话）,一定要实现,山东,f,386,747,1180,"2,276",23,"5,987","8,286"
179,4812958012543245,1015171862,22年09月13日 12:16,"回复<a href=/n/李玥岑 usercard=""name=@李玥岑"">@李玥岑</a>:超好喝",来自山东,4813211871740858,0,回复@李玥岑:超好喝,5031729067,兰兰是男男_,https://weibo.com/u/5031729067,超话粉丝大咖（易烊千玺超话）,一定要实现,山东,f,386,747,1180,"2,276",23,"5,987","8,286"
180,4812958012543245,1015171862,22年09月13日 12:16,"回复<a href=/n/喜形于色的lion usercard=""name=@喜形于色的lion"">@喜形于色的lion</a>:好！！还没去过",来自江苏,4813211775799818,0,回复@喜形于色的lion:好！！还没去过,1015171862,李玥岑,https://weibo.com/u/1015171862,nan,您好,其他,f,216,275,564,"1,737",8,"2,390","4,135"
181,4812958012543245,1015171862,22年09月12日 23:20,"回复<a href=/n/喜形于色的lion usercard=""name=@喜形于色的lion"">@喜形于色的lion</a>:管 哪天食欲来了安排去",来自山东,4813016472229801,0,回复@喜形于色的lion:管 哪天食欲来了安排去,2809326910,Liiinss,https://weibo.com/u/2809326910,nan,,其他,f,428,376,150,872,0,"2,879","3,751"
182,4812958012543245,1015171862,22年09月12日 23:18,"回复<a href=/n/李玥岑 usercard=""name=@李玥岑"">@李玥岑</a>:过年回来喝斗碗吧",来自山东,4813016053584686,0,回复@李玥岑:过年回来喝斗碗吧,5031729067,兰兰是男男_,https://weibo.com/u/5031729067,超话粉丝大咖（易烊千玺超话）,一定要实现,山东,f,386,747,1180,"2,276",23,"5,987","8,286"
183,4812958012543245,1015171862,22年09月12日 19:48,"回复<a href=/n/李玥岑 usercard=""name=@李玥岑"">@李玥岑</a>:鸡蛋茶！<img alt=""[耶]"" title=""[耶]"" src=""https://face.t.sinajs.cn/t4/appstyle/expression/ext/normal/29/2018new_ye_org.png"" />嘴瓢了",来自山东,4812963117271378,0,回复@李玥岑:鸡蛋茶！[耶]嘴瓢了,2809326910,Liiinss,https://weibo.com/u/2809326910,nan,,其他,f,428,376,150,872,0,"2,879","3,751"
184,4812946947967111,1015171862,22年09月12日 19:17,过年见呜呜呜呜呜 没几天了！,来自江苏,4812955319015837,0,过年见呜呜呜呜呜 没几天了！,1015171862,李玥岑,https://weibo.com/u/1015171862,nan,您好,其他,f,216,275,564,"1,737",8,"2,390","4,135"
185,4812969357088200,1015171862,22年09月12日 20:17,"我怕你太过惊讶 以这种方式委婉地告诉你<img alt=""[抱一抱]"" title=""[抱一抱]"" src=""https://face.t.sinajs.cn/t4/appstyle/expression/ext/normal/af/2020_hug_org.png"" />",来自江苏,4812970439738167,0,我怕你太过惊讶 以这种方式委婉地告诉你[抱一抱],1015171862,李玥岑,https://weibo.com/u/1015171862,nan,您好,其他,f,216,275,564,"1,737",8,"2,390","4,135"
186,4812948075714763,1015171862,22年09月12日 19:17,这就剁喽,来自江苏,4812955365147580,0,这就剁喽,1015171862,李玥岑,https://weibo.com/u/1015171862,nan,您好,其他,f,216,275,564,"1,737",8,"2,390","4,135"
187,4812929687620046,1015171862,22年09月12日 18:32,"电视剧是真好看啊<img alt=""[伤心]"" title=""[伤心]"" src=""https://face.t.sinajs.cn/t4/appstyle/expression/ext/normal/6c/2018new_xinsui_org.png"" />",来自江苏,4812944111830306,0,电视剧是真好看啊[伤心],1015171862,李玥岑,https://weibo.com/u/1015171862,nan,您好,其他,f,216,275,564,"1,737",8,"2,390","4,135"
188,4812940290823335,1015171862,22年09月12日 18:33,"爱看我的烦恼厚道吗豆子哥<img alt=""[泪]"" title=""[泪]"" src=""https://face.t.sinajs.cn/t4/appstyle/expression/ext/normal/6e/2018new_leimu_org.png"" />",来自江苏,4812944335178272,0,爱看我的烦恼厚道吗豆子哥[泪],1015171862,李玥岑,https://weibo.com/u/1015171862,nan,您好,其他,f,216,275,564,"1,737",8,"2,390","4,135"
189,4812940290823335,1015171862,22年09月12日 20:04,"回复<a href=/n/李玥岑 usercard=""name=@李玥岑"">@李玥岑</a>:烦恼说出来不就不烦恼了！",来自江苏,4812967217991497,0,回复@李玥岑:烦恼说出来不就不烦恼了！,5249374738,nnnnnnnnnmnn,https://weibo.com/u/5249374738,nan,不够努力,山东 枣庄,m,399,569,1448,"1,526",532,"1,541","3,599"
190,4812958590310734,1015171862,22年09月12日 19:45,哪来的山东人,来自江苏,4812962345261431,0,哪来的山东人,1015171862,李玥岑,https://weibo.com/u/1015171862,nan,您好,其他,f,216,275,564,"1,737",8,"2,390","4,135"
191,4811840812748149,6995652023,22年09月09日 17:29,"<img alt=""[羞嗒嗒]"" title=""[羞嗒嗒]"" src=""https://face.t.sinajs.cn/t4/appstyle/expression/ext/normal/df/lxhxiudada_org.gif"" />",来自安徽,4811841098486493,0,[羞嗒嗒],6995652023,旺旺雪饼饼的小次猬酱,https://weibo.com/u/6995652023,nan,镇魂·没跑路，现生太忙· JCT·有事wx,浙江,f,50646,1145,15082,"47,146","167,154","72,759","287,059"
192,4807870800203346,5710844549,22年08月29日 18:48,"哈哈哈哈哈啊哈哈，md，我今天听爱世界也在想这个事情<img alt=""[笑cry]"" title=""[笑cry]"" src=""https://face.t.sinajs.cn/t4/appstyle/expression/ext/normal/4a/2018new_xiaoku_thumb.png"" /><img alt=""[笑cry]"" title=""[笑cry]"" src=""https://face.t.sinajs.cn/t4/appstyle/expression/ext/normal/4a/2018new_xiaoku_thumb.png"" />",来自河北,4807874557252853,0,哈哈哈哈哈啊哈哈，md，我今天听爱世界也在想这个事情[笑cry][笑cry],5710844549,发财吧-图图,https://weibo.com/u/5710844549,nan,知足就是最大的幸福🥰🥰,海外,f,306,170,5536,"7,505",445,"12,211","20,161"
193,4790473938174218,2879484215,22年07月12日 18:58,"<img alt=""[哇]"" title=""[哇]"" src=""https://face.t.sinajs.cn/t4/appstyle/expression/ext/normal/3d/2022_wow_org.png"" /><img alt=""[哇]"" title=""[哇]"" src=""https://face.t.sinajs.cn/t4/appstyle/expression/ext/normal/3d/2022_wow_org.png"" /><img alt=""[哇]"" title=""[哇]"" src=""https://face.t.sinajs.cn/t4/appstyle/expression/ext/normal/3d/2022_wow_org.png"" />",来自黑龙江,4790482674910819,0,[哇][哇][哇],2879484215,二宁最帅,https://weibo.com/u/2879484215,nan,二宁大王,黑龙江,f,187,260,443,"1,052",0,"2,176","3,228"
194,4752074631288706,3135024891,22年03月28日 19:22,故事太经典了,nan,4752075412475053,0,故事太经典了,3135024891,豹春丽,https://weibo.com/u/3135024891,微博原创视频博主,無門畫工/大型猫科动物,江苏,f,158559,728,11882,"98,746","32,336","292,961","424,043"
195,4752076217779575,3135024891,22年03月28日 19:26,鞭尸了,nan,4752076443222799,0,鞭尸了,3135024891,豹春丽,https://weibo.com/u/3135024891,微博原创视频博主,無門畫工/大型猫科动物,江苏,f,158559,728,11882,"98,746","32,336","292,961","424,043"
196,4752076217779575,3135024891,22年03月28日 19:29,"回复<a href=/n/梅雨小笼豹 usercard=""name=@梅雨小笼豹"">@梅雨小笼豹</a>:看到了，笑死我了",nan,4752077186929482,0,回复@梅雨小笼豹:看到了，笑死我了,5817568966,SoberRee,https://weibo.com/u/5817568966,nan,,其他,m,982,182,997,"1,756","1,407","3,363","6,526"
197,4752072987117380,3135024891,22年03月28日 19:15,哈哈哈哈哈哈哈哈哈哈哈哈,nan,4752073714044026,0,哈哈哈哈哈哈哈哈哈哈哈哈,3135024891,豹春丽,https://weibo.com/u/3135024891,微博原创视频博主,無門畫工/大型猫科动物,江苏,f,158559,728,11882,"98,746","32,336","292,961","424,043"
198,4752074870361764,3135024891,22年03月28日 19:22,真的绝,nan,4752075441046054,0,真的绝,3135024891,豹春丽,https://weibo.com/u/3135024891,微博原创视频博主,無門畫工/大型猫科动物,江苏,f,158559,728,11882,"98,746","32,336","292,961","424,043"
199,4752076175316198,3135024891,22年03月28日 19:26,还有个群友女朋友之前好好的，去了趟西藏回来感觉灵魂被净化了，说啥要分手，我群确实都是冤种,nan,4752076402068374,1,还有个群友女朋友之前好好的，去了趟西藏回来感觉灵魂被净化了，说啥要分手，我群确实都是冤种,3135024891,豹春丽,https://weibo.com/u/3135024891,微博原创视频博主,無門畫工/大型猫科动物,江苏,f,158559,728,11882,"98,746","32,336","292,961","424,043"
200,4752076175316198,3135024891,22年03月29日 03:18,"回复<a href=/n/梅雨小笼豹 usercard=""name=@梅雨小笼豹"">@梅雨小笼豹</a>:笑死",nan,4752195339419743,0,回复@梅雨小笼豹:笑死,1886907911,·燚·,https://weibo.com/u/1886907911,游戏博主,,其他,m,253181,906,11945,"16,003","142,374","20,844","179,221"
201,4749017366397864,5730706770,22年03月20日 09:05,"好男人都死哪去了<img alt=""[怒骂]"" title=""[怒骂]"" src=""https://face.t.sinajs.cn/t4/appstyle/expression/ext/normal/87/2018new_zhouma_org.png"" />",nan,4749021026976680,0,好男人都死哪去了[怒骂],5730706770,Richappyears_,https://weibo.com/u/5730706770,nan,我想 生活这卷书 落款应该是热爱和自由,辽宁,f,320,185,1412,"3,188",31,"7,750","10,969"
202,4748891452605946,5730706770,22年03月20日 00:31,你趁早睡觉吧,nan,4748891721303435,0,你趁早睡觉吧,5730706770,Richappyears_,https://weibo.com/u/5730706770,nan,我想 生活这卷书 落款应该是热爱和自由,辽宁,f,320,185,1412,"3,188",31,"7,750","10,969"
203,4741956804548101,2094769777,22年02月28日 21:23,"好看，你去看嘛<img alt=""[笑cry]"" title=""[笑cry]"" src=""https://face.t.sinajs.cn/t4/appstyle/expression/ext/normal/4a/2018new_xiaoku_thumb.png"" />",nan,4741959170395733,0,好看，你去看嘛[笑cry],2094769777,大猫Moe女士,https://weibo.com/u/2094769777,nan,这里就是我的碎碎念自留地而已。 写给自己的日记。不需要未关注人评论。,四川 广元,f,1454,486,7199,"13,980","1,058","10,253","25,291"
204,4741956804548101,2094769777,22年02月28日 21:29,等我把这一波事情做完再说 不然太浪费时间 我之前刷了一些视频,nan,4741960638927355,0,等我把这一波事情做完再说 不然太浪费时间 我之前刷了一些视频,1864529755,头头1011,https://weibo.com/u/1864529755,nan,冷暖自知。,四川,f,212,147,874,"1,785",70,300,"2,155"
205,4733109016465717,7338954795,22年02月05日 07:29,雷哥语录,nan,4733414198214927,0,雷哥语录,5967228856,在秋天的黄昏等你,https://weibo.com/u/5967228856,nan,,其他,m,73,252,125,11,0,24,35
206,4733109016465717,7338954795,22年02月04日 12:00,"搞钱多香想买啥买啥 男的算个屁<img alt=""[开学季]"" title=""[开学季]"" src=""https://face.t.sinajs.cn/t4/appstyle/expression/ext/normal/72/2021_kaixueji_org.png"" />",nan,4733120044339414,0,搞钱多香想买啥买啥 男的算个屁[开学季],3197112664,Sevone1,https://weibo.com/u/3197112664,nan,,浙江 台州,m,23,218,28,0,63,4,67
207,4733080138943546,7338954795,22年02月04日 10:46,"有个成语叫做日思夜想，也就是其实只是单相思罢了<img alt=""[允悲]"" title=""[允悲]"" src=""https://face.t.sinajs.cn/t4/appstyle/expression/ext/normal/83/2018new_kuxiao_org.png"" />",nan,4733101378896435,0,有个成语叫做日思夜想，也就是其实只是单相思罢了[允悲],5725977485,逝去的风小呆_,https://weibo.com/u/5725977485,nan,只是努力活着,其他,m,69,187,0,0,0,0,0
208,4733101471435577,7338954795,22年02月04日 21:30,"回复<a href=/n/你掌心的仙人掌 usercard=""name=@你掌心的仙人掌"">@你掌心的仙人掌</a>:<img alt=""[委屈]"" title=""[委屈]"" src=""https://face.t.sinajs.cn/t4/appstyle/expression/ext/normal/a5/2018new_weiqu_org.png"" /><img alt=""[委屈]"" title=""[委屈]"" src=""https://face.t.sinajs.cn/t4/appstyle/expression/ext/normal/a5/2018new_weiqu_org.png"" />希望我们都赶紧走出来",nan,4733263496873725,0,回复@你掌心的仙人掌:[委屈][委屈]希望我们都赶紧走出来,2913167453,EnamoradoNjr,https://weibo.com/u/2913167453,nan,忠于自己 保持热爱❤️记录生活博嘻嘻（*＾3＾）,海外 澳大利亚,f,4347,835,5415,"17,396","1,846","9,494","28,736"
209,4733101471435577,7338954795,22年02月04日 20:10,我也是,nan,4733243477197795,0,我也是,6606182823,你掌心的仙人掌,https://weibo.com/u/6606182823,nan,遇上方知有,云南,f,47,277,160,126,2,123,251
210,4684628739228877,3936162176,21年09月23日 17:13,"久等了 催更网友<img alt=""[doge]"" title=""[doge]"" src=""https://face.t.sinajs.cn/t4/appstyle/expression/ext/normal/a1/2018new_doge02_org.png"" />",nan,4684638855105265,0,久等了 催更网友[doge],3936162176,罗罗罗嗯噫啊哦,https://weibo.com/u/3936162176,nan,春见,上海 浦东新区,f,193,460,396,"1,361",14,951,"2,326"
211,4684628739228877,3936162176,21年09月23日 18:00,"回复<a href=/n/罗罗罗嗯噫啊哦 usercard=""name=@罗罗罗嗯噫啊哦"">@罗罗罗嗯噫啊哦</a>:哈哈头排观众",nan,4684650787636366,0,回复@罗罗罗嗯噫啊哦:哈哈头排观众,5161448350,酸汤面高手,https://weibo.com/u/5161448350,nan,,其他,f,311,401,486,"1,564",2,974,"2,540"
212,4685413191781202,3936162176,21年09月25日 22:57,先意思意思哈哈哈哈,nan,4685450117911096,0,先意思意思哈哈哈哈,3936162176,罗罗罗嗯噫啊哦,https://weibo.com/u/3936162176,nan,春见,上海 浦东新区,f,193,460,396,"1,361",14,951,"2,326"
213,4684641393443893,3936162176,21年09月23日 20:41,你我都是其中一员哈哈哈哈,nan,4684691338431711,0,你我都是其中一员哈哈哈哈,3936162176,罗罗罗嗯噫啊哦,https://weibo.com/u/3936162176,nan,春见,上海 浦东新区,f,193,460,396,"1,361",14,951,"2,326"
214,4614620796945420,6034607727,21年03月14日 12:58,"真的啊啊啊！！！爱死了<img alt=""[掌宝爱心]"" title=""[掌宝爱心]"" src=""https://face.t.sinajs.cn/t4/appstyle/expression/ext/normal/89/2021_LZheart_org.png"" />",nan,4614633949758038,0,真的啊啊啊！！！爱死了[掌宝爱心],6034607727,Kilig_橘子橘子粥,https://weibo.com/u/6034607727,nan,山高自有客行路.,其他,f,215,317,2664,"4,853",50,"7,594","12,497"
215,4495410225925326,5694324081,20年04月19日 13:06,婶婶94窝的宝藏！,nan,4495410368467471,0,婶婶94窝的宝藏！,5694324081,银河搭乘指南,https://weibo.com/u/5694324081,nan,不接,其他,f,3013,227,1220,"42,661","3,337","38,948","84,946"
216,4441389879895466,3816306358,19年11月22日 11:41,"<img alt=""[失望]"" title=""[失望]"" src=""https://face.t.sinajs.cn/t4/appstyle/expression/ext/normal/aa/2018new_shiwang_org.png"" /><img alt=""[失望]"" title=""[失望]"" src=""https://face.t.sinajs.cn/t4/appstyle/expression/ext/normal/aa/2018new_shiwang_org.png"" />",nan,4441392963265200,0,[失望][失望],3816306358,又一个李小乖,https://weibo.com/u/3816306358,nan,,辽宁,f,274,73,477,403,376,"1,835","2,614"
217,4441567308022381,3816306358,19年11月22日 23:35,哈哈,nan,4441572739534663,0,哈哈,3816306358,又一个李小乖,https://weibo.com/u/3816306358,nan,,辽宁,f,274,73,477,403,376,"1,835","2,614"
218,4424901953401363,5605450781,19年10月07日 23:33,"你关注了嘛<img alt=""[并不简单]"" title=""[并不简单]"" src=""https://face.t.sinajs.cn/t4/appstyle/expression/ext/normal/aa/2018new_bingbujiandan_org.png"" />",nan,4424902532891809,0,你关注了嘛[并不简单],5605450781,_heaten,https://weibo.com/u/5605450781,nan,总是充满着奇思妙想但郁郁不得志的天才,河南,m,1409,320,1171,640,15,"1,363","2,018"
219,4424901953401363,5605450781,19年10月07日 23:36,"回复<a href=/n/songSotf usercard=""name=@songSotf"">@songSotf</a>:那都某问题了，那咱们都是一辈子的好朋友。",nan,4424903161698526,0,回复@songSotf:那都某问题了，那咱们都是一辈子的好朋友。,5605450781,_heaten,https://weibo.com/u/5605450781,nan,总是充满着奇思妙想但郁郁不得志的天才,河南,m,1409,320,1171,640,15,"1,363","2,018"
220,4424901953401363,5605450781,19年10月07日 23:34,"回复<a href=/n/_heaten usercard=""name=@_heaten"">@_heaten</a>:种子粉丝<img alt=""[并不简单]"" title=""[并不简单]"" src=""https://face.t.sinajs.cn/t4/appstyle/expression/ext/normal/aa/2018new_bingbujiandan_org.png"" /><img alt=""[并不简单]"" title=""[并不简单]"" src=""https://face.t.sinajs.cn/t4/appstyle/expression/ext/normal/aa/2018new_bingbujiandan_org.png"" />第一波关注的",nan,4424902725349190,0,回复@_heaten:种子粉丝[并不简单][并不简单]第一波关注的,6207263072,__小7日记,https://weibo.com/u/6207263072,nan,人生是一场修行,重庆,m,14469,241,501,"2,344",49,"6,679","9,072"
221,4417125534331305,6787792477,19年09月20日 12:09,天天向上,nan,4418569582537260,0,天天向上,6787792477,l_luhan_x,https://weibo.com/u/6787792477,nan,,其他,m,3,135,63,9,0,39,48
222,4032481130600315,1667229832,16年10月20日 07:21,「总会有那么一刻 让人决定要成为怎样的人 」,nan,4032554043972554,0,「总会有那么一刻 让人决定要成为怎样的人 」,1667229832,郭杏核儿,https://weibo.com/u/1667229832,音乐博主,Är Socker,吉林 长春,f,15048,261,17169,"72,816","19,215","104,167","196,198"
223,4032528916075646,1667229832,16年10月20日 08:22,"回复<a href=/n/尕籽子子啊 usercard=""name=@尕籽子子啊"">@尕籽子子啊</a>:😁",nan,4032569555121417,0,回复@尕籽子子啊:😁,1719402367,维维安你知道吗我是如此闪耀,https://weibo.com/u/1719402367,nan,维维安，看着我，你要一直注视我，带着你的祝福和保佑。,其他,f,520,344,5042,"2,082",356,"1,693","4,131"
224,4032528916075646,1667229832,16年10月20日 07:16,💐早啊 圆脑袋的美人鱼🐋,nan,4032552924249321,0,💐早啊 圆脑袋的美人鱼🐋,1667229832,郭杏核儿,https://weibo.com/u/1667229832,音乐博主,Är Socker,吉林 长春,f,15048,261,17169,"72,816","19,215","104,167","196,198"
225,4032447144821705,1667229832,16年10月20日 09:53,"回复<a href=/n/尕籽子子啊 usercard=""name=@尕籽子子啊"">@尕籽子子啊</a>:哈哈哈 很安<img alt=""[太阳]"" title=""[太阳]"" src=""https://face.t.sinajs.cn/t4/appstyle/expression/ext/normal/cd/2018new_taiyang_org.png"" />",nan,4032592384721760,0,回复@尕籽子子啊:哈哈哈 很安[太阳],3768775364,吕品和么凹,https://weibo.com/u/3768775364,nan,,其他,f,334,412,726,"1,990",131,"1,589","3,710"
226,4032447144821705,1667229832,16年10月20日 07:18,您早 昨夜是否安眠？,nan,4032553322745987,0,您早 昨夜是否安眠？,1667229832,郭杏核儿,https://weibo.com/u/1667229832,音乐博主,Är Socker,吉林 长春,f,15048,261,17169,"72,816","19,215","104,167","196,198"
227,4032432251012883,1667229832,16年10月20日 07:23,"回复<a href=/n/尕籽子子啊 usercard=""name=@尕籽子子啊"">@尕籽子子啊</a>:“我是永远都不会爱上你的 这样我们也永远不会分手”  没完没了了hhh 您早！",nan,4032554631790342,0,回复@尕籽子子啊:“我是永远都不会爱上你的 这样我们也永远不会分手”  没完没了了hhh 您早！,1657632464,Coronach,https://weibo.com/u/1657632464,nan,🦆🦆🦆 いつ死んだっていい… そう思って生きてきた…,上海 闵行区,f,176,283,1234,"1,233",507,446,"2,186"
228,4032432251012883,1667229832,16年10月20日 07:17,您早！成为过去也好 是不会再一次分散的,nan,4032553138364393,0,您早！成为过去也好 是不会再一次分散的,1667229832,郭杏核儿,https://weibo.com/u/1667229832,音乐博主,Är Socker,吉林 长春,f,15048,261,17169,"72,816","19,215","104,167","196,198"
229,4032444807530821,1667229832,16年10月20日 07:18,早上好！(｡･ω･｡)ﾉ♡,nan,4032553268214926,0,早上好！(｡･ω･｡)ﾉ♡,1667229832,郭杏核儿,https://weibo.com/u/1667229832,音乐博主,Är Socker,吉林 长春,f,15048,261,17169,"72,816","19,215","104,167","196,198"
230,4032439695546420,1667229832,16年10月20日 07:21,"早！<img alt=""[太阳]"" title=""[太阳]"" src=""https://face.t.sinajs.cn/t4/appstyle/expression/ext/normal/cd/2018new_taiyang_org.png"" />☀🌝",nan,4032554123969951,0,早！[太阳]☀🌝,1667229832,郭杏核儿,https://weibo.com/u/1667229832,音乐博主,Är Socker,吉林 长春,f,15048,261,17169,"72,816","19,215","104,167","196,198"
231,4032436293885688,1667229832,16年10月20日 07:22,我得记本上 以备后用,nan,4032554266985399,0,我得记本上 以备后用,1667229832,郭杏核儿,https://weibo.com/u/1667229832,音乐博主,Är Socker,吉林 长春,f,15048,261,17169,"72,816","19,215","104,167","196,198"
232,4032432607419265,1667229832,16年10月20日 07:17,"您早<img alt=""[心]"" title=""[心]"" src=""https://face.t.sinajs.cn/t4/appstyle/expression/ext/normal/8a/2018new_xin_org.png"" />周四了！",nan,4032553193233967,0,您早[心]周四了！,1667229832,郭杏核儿,https://weibo.com/u/1667229832,音乐博主,Är Socker,吉林 长春,f,15048,261,17169,"72,816","19,215","104,167","196,198"
233,4032429964526952,1667229832,16年10月19日 23:09,维维,nan,4032430396003882,0,维维,1667229832,郭杏核儿,https://weibo.com/u/1667229832,音乐博主,Är Socker,吉林 长春,f,15048,261,17169,"72,816","19,215","104,167","196,198"
