,main_body_mid,main_body_uid,发布时间,处理内容,评论地点,mid,回复数量,点赞数量,原生内容,uid,用户昵称,用户主页,用户认证信息,用户描述,用户地理位置,用户性别,用户粉丝数量,用户关注数量,用户全部微博,用户累计评论,用户累计转发,用户累计获赞,用户转评赞
0,5148601559023972,2153901751,2025-03-27 19:38:24,天黑了，晚上好呀,来自山东,5148894208984063,0,0,天黑了，晚上好呀,5942119378,游戏cp,https://weibo.com/u/5942119378,游戏博主 超话创作官（开心消消乐超话）,是谁的游戏cp呀，是你的~,山东,f,79248,1341,1177,"21,943",743,"6,325","29,011"
1,5148601559023972,2153901751,2025-03-27 19:36:14,"感谢博主的精彩分享<img alt=""[打call]"" title=""[打call]"" src=""https://face.t.sinajs.cn/t4/appstyle/expression/ext/normal/39/moren_dacall02_org.png"" />",来自湖南,5148893662940627,0,0,感谢博主的精彩分享[打call],7636304012,落叶霜花梦-光影之隙的独白,https://weibo.com/u/7636304012,动漫博主 微博剪辑视频博主,雨芽～我的雨芽~,湖南,f,114756,4249,4892,"197,768","6,266","200,174","404,208"
2,5148601559023972,2153901751,2025-03-27 19:29:35,你的博文我爱看,来自江苏,5148891989675886,0,0,你的博文我爱看,3862335239,清晨_Neo,https://weibo.com/u/3862335239,美食博主 微博剪辑视频博主,部分作品来源于网络，如有侵权请联系立删～🍹      ⚠️🈲️快钻 ⚠️🈲️曲关 谢谢🙏🙏,江苏,f,108673,6449,10071,,,,
3,5148601559023972,2153901751,2025-03-27 19:28:55,晚上好宝🌸感谢分享！,来自吉林,5148891821902509,0,0,晚上好宝🌸感谢分享！,7365726589,最爱玉萌萌撒娇,https://weibo.com/u/7365726589,游戏博主 超话粉丝大咖（李玉刚超话） 微博原创视频博主,没有胜利可言，挺着意味一切 。,吉林 长春,f,242146,4327,9308,"723,441","20,131","840,888","1,584,460"
4,5148601559023972,2153901751,2025-03-27 19:27:50,持续关注,来自湖南,5148891549535723,0,0,持续关注,5831254486,是阿阿阿阿阿水,https://weibo.com/u/5831254486,游戏博主 微博原创视频博主,为有意思的游戏用爱发电,湖南,m,1294471,4024,2265,"399,446","125,173","854,149","1,378,768"
5,5148601559023972,2153901751,2025-03-27 19:26:53,"感谢分享，晚上好，心想事成<img alt=""[作揖]"" title=""[作揖]"" src=""https://face.t.sinajs.cn/t4/appstyle/expression/ext/normal/e7/2018new_zuoyi_org.png"" /><img alt=""[抱抱]"" title=""[抱抱]"" src=""https://face.t.sinajs.cn/t4/appstyle/expression/ext/normal/42/2018new_baobao_org.png"" /><img alt=""[亲亲]"" title=""[亲亲]"" src=""https://face.t.sinajs.cn/t4/appstyle/expression/ext/normal/2c/2018new_qinqin_org.png"" />",来自河北,5148891309934320,0,0,感谢分享，晚上好，心想事成[作揖][抱抱][亲亲],1627888924,独孤九鎗,https://weibo.com/u/1627888924,人文艺术博主 微博原创视频博主 超话主持人（金庸超话）,话须通俗方传远，语必关风始动人。,河北,m,164465,4062,16540,,,,
6,5148601559023972,2153901751,2025-03-27 19:16:35,可以的，点赞。,来自内蒙古,5148888718117676,0,0,可以的，点赞。,6288870414,DJ八花的公主_鲸落,https://weibo.com/u/6288870414,娱乐博主 超话创作官（张杰超话） 微博原创视频博主,未来 过去 我只想见你💙（镇魂zj）,其他,f,35206,1901,8769,"238,411","5,141","182,738","426,290"
7,5148601559023972,2153901751,2025-03-27 19:16:28,晚上好呀,来自天津,5148888689805503,0,0,晚上好呀,7480859032,青鸾见故人,https://weibo.com/u/7480859032,动漫博主,,天津,f,14449,2639,5115,"53,432","4,569","93,143","151,144"
8,5148601559023972,2153901751,2025-03-27 19:05:00,"我又被你的内容吸引来啦<img alt=""[给你小心心]"" title=""[给你小心心]"" src=""https://face.t.sinajs.cn/t4/appstyle/expression/ext/normal/ca/qixi2018_xiaoxinxin_org.png"" />",来自陕西,5148885804389801,0,0,我又被你的内容吸引来啦[给你小心心],5602942532,罗文清forever,https://weibo.com/u/5602942532,情感博主 微博剪辑视频博主,幸福，感恩，知足，爱❤️    代表作:《那些年  那些事》   原创歌曲作词：《究竟是谁》《曾经》《太多的不舍》《那一抹记忆》《爱就如此简单》,上海 浦东新区,f,50900,1620,2832,,,,
9,5148601559023972,2153901751,2025-03-27 18:58:25,表现很出色！💯,来自江苏,5148884147111424,0,0,表现很出色！💯,6018918275,来给你加个祝福,https://weibo.com/u/6018918275,电视剧博主,不管是甜宠、悬疑还是古装剧，我都追得火热。新剧资讯、剧情吐槽，我这儿全有。追剧路上不孤单，快跟上我，一起磕 CP、盘逻辑，告别剧荒,浙江,f,23749,4672,8137,"113,180","14,538","266,762","394,480"
10,5148601559023972,2153901751,2025-03-27 18:49:57,晚上好呀,来自上海,5148882015358385,0,0,晚上好呀,1299321623,鸩羽毒舞,https://weibo.com/u/1299321623,美食博主 超话主持人（反网骗超话）,天让你活着不是让你偷生，而是让你重生,其他,m,47190,2888,6103,"81,768","6,007","171,138","258,913"
11,5148601559023972,2153901751,2025-03-27 18:44:09,周四愉快😊,来自重庆,5148880557313521,0,0,周四愉快😊,3841472159,憨憨的一朵菌子,https://weibo.com/u/3841472159,体育博主 超话粉丝大咖（早安超话） 微博原创视频博主,铺满荆棘的路开满了鲜花  ABO,四川,f,340619,5291,6489,"743,944","55,499","1,096,999","1,896,442"
12,5148601559023972,2153901751,2025-03-27 18:41:13,"谢谢分享<img alt=""[心]"" title=""[心]"" src=""https://face.t.sinajs.cn/t4/appstyle/expression/ext/normal/8a/2018new_xin_org.png"" />",来自北京,5148879817543238,0,0,谢谢分享[心],2463863283,星圈小食,https://weibo.com/u/2463863283,电视剧博主,吉祥曲,北京,m,14477,727,15432,"61,048","47,573","244,642","353,263"
13,5148601559023972,2153901751,2025-03-27 18:37:59,"晚上好呀<img alt=""[种树]"" title=""[种树]"" src=""https://face.t.sinajs.cn/t4/appstyle/expression/ext/normal/36/2025_Plantingtrees_org.png"" /><img alt=""[种树]"" title=""[种树]"" src=""https://face.t.sinajs.cn/t4/appstyle/expression/ext/normal/36/2025_Plantingtrees_org.png"" />",来自美国,5148879003845675,0,0,晚上好呀[种树][种树],2951248130,香草苏打泡泡,https://weibo.com/u/2951248130,超话创作官（林彦俊超话）,祝我们好在春夏秋冬🩵  只是Evanism，其他不代表属性,海外 其他,f,15289,2746,20653,"127,035",934,"54,537","182,506"
14,5148601559023972,2153901751,2025-03-27 18:36:12,每天都要开心呀宝宝🍬,来自河南,5148878556371162,0,0,每天都要开心呀宝宝🍬,2845940872,是糖宝柚,https://weibo.com/u/2845940872,情感博主 微博原创视频博主,"我对你的态度取决于你对我的态度. 博文源网侵删.单曲啦嘿,镇魂.",河南,f,46771,3031,6823,"136,565","22,063,202","190,632","22,390,399"
15,5148601559023972,2153901751,2025-03-27 18:12:31,博主分享的内容很精彩。,来自重庆,5148872595213153,0,0,博主分享的内容很精彩。,6617001631,楼上_万能小黑君,https://weibo.com/u/6617001631,娱乐博主,唯粉👉始于任国超，终于任嘉伦，只为一任开微博👈 『发谁≠喜欢谁，➗任嘉伦外发其他纯粹为阅读量，介意找我互移』🚫禁快砖🚫禁单qu关,其他,f,41629,5365,10006,"761,944","11,281","137,763","910,988"
16,5148601559023972,2153901751,2025-03-27 18:03:24,下午好哦,来自甘肃,5148870301978375,0,0,下午好哦,7670162388,宇宙中孤独且稀有的小星星,https://weibo.com/u/7670162388,陕西《体育世界》杂志社 撰稿人 体育博主 微博原创视频博主,做自己的光,其他,f,160319,3325,1357,"55,528","1,007","139,682","196,217"
17,5148601559023972,2153901751,2025-03-27 17:54:01,真的很好呀,来自河南,5148867939011105,0,0,真的很好呀,7845029602,看甜文的圆圆,https://weibo.com/u/7845029602,游戏博主 超话创作官（贪吃蛇大作战超话）,线上流浪的种菜博主(求微博好好养我),其他,f,70795,1876,1203,"126,512","7,636","88,875","223,023"
18,5148601559023972,2153901751,2025-03-27 17:45:09,谢谢分享,来自广东,5148865707643574,0,0,谢谢分享,5889772002,叶秋lucky,https://weibo.com/u/5889772002,游戏博主 环游太空（重庆）文化传媒有限公司 游戏策划 超话创作官（王者荣耀超话） 微博原创视频博主,每天更新王者荣耀视频、王者荣耀相关资讯、王者荣耀攻略！,湖南,m,465901,2956,8366,,,,
19,5148601559023972,2153901751,2025-03-27 17:17:36,还得是你啊,来自北京,5148858780483888,0,0,还得是你啊,1854382763,紫然记,https://weibo.com/u/1854382763,综艺博主,,安徽,m,21869,662,19806,"90,042","92,924","744,003","926,969"
20,5148601559023972,2153901751,2025-03-27 17:15:40,"感谢分享，写的真好<img alt=""[心]"" title=""[心]"" src=""https://face.t.sinajs.cn/t4/appstyle/expression/ext/normal/8a/2018new_xin_org.png"" />",来自浙江,5148858289753320,0,0,感谢分享，写的真好[心],5894468389,墨墨_阳,https://weibo.com/u/5894468389,情感博主,蜕变,浙江,f,56657,4072,17121,"229,525","292,764","357,986","880,275"
21,5148601559023972,2153901751,2025-03-27 17:15:25,下午好啊周四愉快,来自湖北,5148858226050013,0,0,下午好啊周四愉快,2140350464,兜兜不停转,https://weibo.com/u/2140350464,游戏博主,分享游戏日常（不混粉○，双sx说一下）,湖北 武汉,f,37731,2749,3789,"110,703","16,068","115,492","242,263"
22,5148601559023972,2153901751,2025-03-27 17:11:05,"感谢分享太喜欢了<img alt=""[爱你]"" title=""[爱你]"" src=""https://face.t.sinajs.cn/t4/appstyle/expression/ext/normal/f6/2018new_aini_org.png"" />",来自贵州,5148857135269018,0,0,感谢分享太喜欢了[爱你],7874382237,虎天帝,https://weibo.com/u/7874382237,游戏博主 超话创作官（王者荣耀超话） 微博原创视频博主,不知名 马可波罗玩家,其他,m,428983,3432,3987,"205,672","30,612","193,260","429,544"
23,5148601559023972,2153901751,2025-03-27 16:46:25,开心每一天,来自四川,5148850927962828,0,0,开心每一天,3848712330,馨馨追星日记,https://weibo.com/u/3848712330,娱乐博主 微博原创视频博主,等待花开，等待风起，等待你回来,四川,f,232001,5938,26904,"249,330","102,195","2,621,522","2,973,047"
24,5148601559023972,2153901751,2025-03-27 16:43:56,谢谢分享,来自福建,5148850302222824,0,0,谢谢分享,7646583717,那年追过的剧,https://weibo.com/u/7646583717,电视剧博主 微博原创视频博主,每日分享各种最新娱乐电视剧资讯！！！如有部分引用素材！可联系删除！商务合作各领域宣发🉑️私！,福建,f,736221,4316,39285,"717,088","1,159,611","7,956,464","9,833,163"
25,5148601559023972,2153901751,2025-03-27 16:32:04,"感谢分享<img alt=""[打call]"" title=""[打call]"" src=""https://face.t.sinajs.cn/t4/appstyle/expression/ext/normal/39/moren_dacall02_org.png"" />",来自广东,5148847320072771,0,0,感谢分享[打call],7634742516,妮说-,https://weibo.com/u/7634742516,娱乐博主 微博解说视频博主,喜欢帅哥美女 图源视频均来源网络 侵权删,其他,f,508159,3865,25924,"212,498","1,149,914","598,783","1,961,195"
26,5148601559023972,2153901751,2025-03-27 16:25:29,下午好呀，感谢分享,来自四川,5148845660179197,0,0,下午好呀，感谢分享,7377912204,漫羊羊R,https://weibo.com/u/7377912204,动漫博主 微博原创视频博主,侵权请私信删除！ 主打一个想发啥就发啥，爱我所爱，不爱也不会伤害，开心就好啦😄 （我可是一个正能量满满的博主哦，哈哈）,广东,f,275572,10090,9639,"270,649","59,067","882,965","1,212,681"
27,5148601559023972,2153901751,2025-03-27 16:22:12,持续关注,来自辽宁,5148844832851179,0,0,持续关注,5316351145,暖暖小盐,https://weibo.com/u/5316351145,情感博主 微博原创视频博主,愿生活不太拥挤 愿笑容不必刻意,辽宁,f,279015,9042,11053,"743,278","48,670","816,942","1,608,890"
28,5148601559023972,2153901751,2025-03-27 15:41:56,下午好呀,来自广东,5148834700724980,0,0,下午好呀,7855394579,裁予木兆,https://weibo.com/u/7855394579,娱乐博主 超话粉丝大咖（侯明昊超话） 微博剪辑视频博主,担且只担侯明昊！,广东,f,3342,3115,5055,"125,507",217,"19,531","145,255"
29,5148601559023972,2153901751,2025-03-27 15:29:14,下午好呀,来自黑龙江,5148831504401106,0,0,下午好呀,7201327142,桃出不芝岛,https://weibo.com/u/7201327142,娱乐博主 超话创作官（张元英超话） 微博剪辑视频博主,拥有幸福的超能力,其他,f,15704,1733,11009,,,,
30,5148601559023972,2153901751,2025-03-27 15:25:53,下午好啊,来自福建,5148830661610861,0,0,下午好啊,1842747273,Re7ttvA_,https://weibo.com/u/1842747273,体育博主 微博原创视频博主,素材来源网络 侵权私我删,香港,m,104521,2091,1580,"69,615","8,308","26,105","104,028"
31,5148601559023972,2153901751,2025-03-27 15:06:35,下午好啊,来自广东,5148825804606639,0,0,下午好啊,7805672037,弟潮流,https://weibo.com/u/7805672037,网络作家 代表作 《潮流花季》 时尚博主 微博原创视频博主,追星追剧追时尚穿搭，喜欢谁就发谁，发博图片和视频均来自网络，侵删！ 需要宣发的找我合作 wx:  sonny1068,江苏,m,205907,7236,46160,"392,629","160,121","1,009,560","1,562,310"
32,5148601559023972,2153901751,2025-03-27 14:56:49,下午好哦,来自甘肃,5148823350149933,0,0,下午好哦,6644900369,花盖冻梨有点酸,https://weibo.com/u/6644900369,娱乐博主 超话粉丝大咖（每日一善超话） 微博原创视频博主,,其他,f,54291,3331,40,"3,474",15,853,"4,342"
33,5148601559023972,2153901751,2025-03-27 14:55:53,下午好啊,来自辽宁,5148823111601053,0,0,下午好啊,6019148961,琳琳lyly,https://weibo.com/u/6019148961,游戏博主 超话粉丝钻咖（摩登兄弟超话）,呼较好以上带V，没回请私我，太多有时看不到。禁取关，可私我移除,辽宁,f,36639,2310,7320,"556,788","15,913","113,004","685,705"
34,5148601559023972,2153901751,2025-03-27 14:45:48,下午好啊,来自广东,5148820572738261,0,0,下午好啊,5560898744,尊说体育,https://weibo.com/u/5560898744,网络作家 代表作 《体育之超越无限》 体育博主 超话创作官（体育超话） 微博剪辑视频博主,尊重每位运动员，最喜欢孙颖莎王曼昱王楚钦马龙樊振东全红婵陈芋汐谷爱凌，图片视频均来自网络，侵删！合作wx:  sonny1068,上海,m,208646,4187,23440,"201,238","59,863","430,173","691,274"
35,5148601559023972,2153901751,2025-03-27 14:42:51,"感谢分享<img alt=""[哇]"" title=""[哇]"" src=""https://face.t.sinajs.cn/t4/appstyle/expression/ext/normal/3d/2022_wow_org.png"" /><img alt=""[哇]"" title=""[哇]"" src=""https://face.t.sinajs.cn/t4/appstyle/expression/ext/normal/3d/2022_wow_org.png"" />",来自江苏,5148819830868917,0,0,感谢分享[哇][哇],7513765479,畅玩体,https://weibo.com/u/7513765479,插画师 代表作 《疯狂健身房》 体育博主 微博原创视频博主,尊重每位运动员，最喜欢孙颖莎王曼昱王楚钦马龙樊振东全红婵陈芋汐谷爱凌，图片视频均来自网络，侵删！合作wx:  sonny1068,湖北,m,202742,3341,19428,"178,473","58,929","249,070","486,472"
36,5148601559023972,2153901751,2025-03-27 14:39:24,"感谢分享<img alt=""[打call]"" title=""[打call]"" src=""https://face.t.sinajs.cn/t4/appstyle/expression/ext/normal/39/moren_dacall02_org.png"" />",来自广东,5148818962385195,0,0,感谢分享[打call],6054658706,小君悠悠_,https://weibo.com/u/6054658706,娱乐博主,光是遇见，就已经很美好了 合作➡️私信,四川,f,352174,6133,25148,"285,404","675,871","638,807","1,600,082"
37,5148601559023972,2153901751,2025-03-27 14:39:02,下午好啊 感谢分享,来自福建,5148818874565024,0,0,下午好啊 感谢分享,6793353890,Each-雨含,https://weibo.com/u/6793353890,动漫博主 超话粉丝钻咖（袁一琦超话） 微博原创视频博主 微博VLOG博主,我要去319号星球@袁一琦each,其他,f,114500,2969,18615,"292,405","155,506","908,671","1,356,582"
38,5148601559023972,2153901751,2025-03-27 14:36:06,下午好呀,来自浙江,5148818132174974,0,0,下午好呀,7483753912,体圈蜜蜂,https://weibo.com/u/7483753912,网络作家 代表作《跑步改变我人生》 体育博主 超话创作官（体育超话） 微博原创视频博主,尊重每位运动员，最喜欢孙颖莎王曼昱王楚钦马龙樊振东全红婵陈芋汐谷爱凌，图片视频均来自网络，侵删！合作wx:  sonny1068,安徽,m,205547,2927,15863,"178,404","51,962","333,375","563,741"
39,5148601559023972,2153901751,2025-03-27 14:32:38,"感谢分享<img alt=""[哇]"" title=""[哇]"" src=""https://face.t.sinajs.cn/t4/appstyle/expression/ext/normal/3d/2022_wow_org.png"" /><img alt=""[哇]"" title=""[哇]"" src=""https://face.t.sinajs.cn/t4/appstyle/expression/ext/normal/3d/2022_wow_org.png"" />",来自江苏,5148817260546617,0,0,感谢分享[哇][哇],7527530650,霍时尚,https://weibo.com/u/7527530650,时尚博主 微博原创视频博主,追星追剧追时尚穿搭，喜欢谁就发谁，发博图片和视频均来自网络，侵删！ 需要宣发的找我合作 wx:  sonny1068,安徽,f,241674,6835,44974,"331,200","104,748","536,714","972,662"
40,5148601559023972,2153901751,2025-03-27 14:30:33,谢谢分享,来自福建,5148816740712583,0,0,谢谢分享,5957531350,萌鸭丽莎拉,https://weibo.com/u/5957531350,微博情感两性账号 娱乐博主,商务合作🉑️私，欢迎广大网友投稿…,台湾,f,1281578,2420,31789,"334,732","415,742","1,368,623","2,119,097"
41,5148601559023972,2153901751,2025-03-27 14:22:45,"下午好呀<img alt=""[羞嗒嗒]"" title=""[羞嗒嗒]"" src=""https://face.t.sinajs.cn/t4/appstyle/expression/ext/normal/df/lxhxiudada_org.gif"" />",来自山东,5148814772800722,0,0,下午好呀[羞嗒嗒],2277049305,夏说,https://weibo.com/u/2277049305,游戏博主 超话创作官（王者荣耀超话） 微博原创视频博主,好的游戏博主，值得被更多人看见，比如我(⸝⸝•‧̫•⸝⸝),山东 潍坊,f,404768,3710,4237,"217,119","31,328","263,576","512,023"
42,5148601559023972,2153901751,2025-03-27 13:59:13,下午好啊,来自江苏,5148808849916558,0,0,下午好啊,2181567257,conejitovolar,https://weibo.com/u/2181567257,超话粉丝大咖（侯明昊超话）,话多的一枚社畜,江苏 无锡,f,90089,3126,8416,"67,395","5,239","68,521","141,155"
43,5148601559023972,2153901751,2025-03-27 13:50:40,谢谢分享,来自安徽,5148806697977235,0,0,谢谢分享,3807508711,追综大赏,https://weibo.com/u/3807508711,综艺博主,,安徽,m,158518,3704,30869,"197,335","113,578","575,986","886,899"
44,5148601559023972,2153901751,2025-03-27 13:24:43,感谢分享,来自安徽,5148800168759005,0,0,感谢分享,5413958070,8G冲浪画饼君,https://weibo.com/u/5413958070,娱乐博主 微博原创视频博主,合作vx：lss64455,北京,f,995308,3943,39783,,,,
45,5148601559023972,2153901751,2025-03-27 13:17:14,下午好呀,来自江苏,5148798284989522,0,0,下午好呀,7678367646,茶七七720,https://weibo.com/u/7678367646,超话创作官（小哭包山鬼超话）,,其他,f,128338,2575,3316,"121,930","24,719,508","148,429","24,989,867"
46,5148601559023972,2153901751,2025-03-27 13:12:02,日安朋友👬要开心哦！,来自黑龙江,5148796976890816,0,0,日安朋友👬要开心哦！,5497745815,莹莹小菇凉,https://weibo.com/u/5497745815,游戏博主 超话粉丝钻咖（摩登兄弟超话） 微博原创视频博主,养娃中，一般，较低不互，取关拉黑🌻回互私我,黑龙江 哈尔滨,f,85054,6280,9467,"714,190","319,868","322,427","1,356,485"
47,5148601559023972,2153901751,2025-03-27 13:03:56,中午好呀,来自安徽,5148794938197538,0,0,中午好呀,2239410971,娱乐星剧透,https://weibo.com/u/2239410971,微博电视团成员 电视剧博主,合作+v：lss64455,江苏,m,1041398,3426,38102,"600,819","493,512","1,886,279","2,980,610"
48,5148601559023972,2153901751,2025-03-27 12:55:16,中午好呀，感谢分享,来自河北,5148792757686659,0,0,中午好呀，感谢分享,7393317334,小青桔撩市,https://weibo.com/u/7393317334,娱乐博主,否极泰来,广东,f,12922,954,2970,"37,066","225,222","55,929","318,217"
49,5148601559023972,2153901751,2025-03-27 12:45:23,谢谢分享,来自北京,5148790273606035,0,0,谢谢分享,1770932411,eva-yangyang,https://weibo.com/u/1770932411,美食博主 微博剪辑视频博主,简简单单的输出一下，加油！,北京 海淀区,f,15555,3366,7090,"64,017","6,744","54,478","125,239"
50,5148601559023972,2153901751,2025-03-27 12:42:49,感谢分享,来自广东,5148789624540233,0,0,感谢分享,1007614311,体说_,https://weibo.com/u/1007614311,体育博主,看到她的时候，我想到了岁月静美,江苏,m,267236,4331,18020,"158,791","74,582","747,104","980,477"
51,5148601559023972,2153901751,2025-03-27 12:39:39,谢谢分享,来自安徽,5148788826835515,0,0,谢谢分享,1863640804,娱乐剧星榜,https://weibo.com/u/1863640804,微博电视团成员,合作+v：lss64455,上海,m,1033039,3853,37404,,,,
52,5148601559023972,2153901751,2025-03-27 12:14:06,说的很对，继续努力,来自山西,5148782398017316,0,0,说的很对，继续努力,5741537147,触碰过魔法,https://weibo.com/u/5741537147,体育博主 微博原创视频博主 区域号答主,（可投稿，商务请私）素材来源于网络，侵删。,山西,f,198649,11370,16038,"216,630","132,859","9,014,661","9,364,150"
53,5148601559023972,2153901751,2025-03-27 11:51:09,早上好呀🌸,来自江苏,5148776620884970,0,0,早上好呀🌸,7646673382,体坛小贝,https://weibo.com/u/7646673382,体育博主 微博原创视频博主,,其他,f,89432,2696,3855,"140,713","13,624","290,690","445,027"
54,5148601559023972,2153901751,2025-03-27 11:50:58,感谢分享,来自广东,5148776575011272,0,0,感谢分享,7678555228,妮说体育,https://weibo.com/u/7678555228,体育博主 微博原创视频博主,爱体育 爱电影,湖南,m,366707,5198,13062,"286,282","92,370","661,038","1,039,690"
55,5148601559023972,2153901751,2025-03-27 11:48:46,感谢分享,来自广东,5148776020840355,0,0,感谢分享,3174361290,Mountain自由风,https://weibo.com/u/3174361290,体育博主,乐观，充满活力,广东 梅州,m,15569,1487,782,"28,518",157,"6,819","35,494"
56,5148601559023972,2153901751,2025-03-27 11:38:57,感谢分享,来自江苏,5148773550393332,0,0,感谢分享,6452604617,越己且悦己,https://weibo.com/u/6452604617,娱乐博主,,江苏,f,20889,2455,23844,"619,739","6,886","1,114,043","1,740,668"
57,5148601559023972,2153901751,2025-03-27 11:32:34,早上好呀🌸,来自江苏,5148771944237146,0,0,早上好呀🌸,7534309916,浅梦沐暖阳,https://weibo.com/u/7534309916,网络作家 代表作《不想对你心动》,,北京,m,147683,3403,7628,"283,082","33,650","977,142","1,293,874"
58,5148601559023972,2153901751,2025-03-27 11:32:06,早上好呀🌸,来自江苏,5148771827058695,0,0,早上好呀🌸,7533160359,暗域圣女,https://weibo.com/u/7533160359,游戏博主,,北京,f,147674,2212,3769,"73,083","3,403","418,992","495,478"
59,5148601559023972,2153901751,2025-03-27 11:10:10,感谢分享,来自浙江,5148766307091461,0,0,感谢分享,6433001288,甜之半夏_,https://weibo.com/u/6433001288,情感博主,捕捉灵感的火花，共赴思维的盛宴。,浙江,f,16316,3810,4084,"50,173","16,955","34,866","101,994"
60,5148601559023972,2153901751,2025-03-27 10:37:34,感谢分享,来自江西,5148758103033792,0,0,感谢分享,6755920179,陈十七的七七-心想事成且好运版,https://weibo.com/u/6755920179,娱乐博主 微博原创视频博主,我是人，永远无法让所有人都满意，只想做自己，希望家人身体健康，平平安安，心想事成！♥,江西,f,11815,2015,5023,"29,972",140,"16,844","46,956"
61,5148601559023972,2153901751,2025-03-27 10:30:23,上午好啊,来自河南,5148756295812455,0,0,上午好啊,6298522307,请喊我懒大王-King,https://weibo.com/u/6298522307,体育博主 超话创作官（shunshun110超话）,稠男粉和cp粉滚远点,河南,f,25154,1038,7752,"201,642","3,816,217","160,296","4,178,155"
62,5148601559023972,2153901751,2025-03-27 10:24:55,不错不错啊,来自湖北,5148754919294561,0,0,不错不错啊,1761831652,娱夭夭,https://weibo.com/u/1761831652,音乐博主 微博原创视频博主,分享当下最好看的电视剧，视频均来自于网络，侵⭕删！,重庆,f,404474,6157,16605,"272,402","45,093","701,262","1,018,757"
63,5148601559023972,2153901751,2025-03-27 10:20:46,上午好呀,来自河南,5148753879105778,0,0,上午好呀,7692495010,梦想之动力,https://weibo.com/u/7692495010,体育博主 微博原创视频博主,,其他,f,139707,4747,13604,"100,993","8,741","171,007","280,741"
64,5148601559023972,2153901751,2025-03-27 10:16:07,谢谢分享，很精彩！,来自陕西,5148752704701039,0,0,谢谢分享，很精彩！,5935871681,夏夜吖_,https://weibo.com/u/5935871681,体育博主 微博原创视频博主,视频源自网络侵删✧٩(ˊωˋ*)و✧Butterfly,安徽,f,202319,3008,14090,"363,394","14,150,918","2,066,018","16,580,330"
65,5148601559023972,2153901751,2025-03-27 10:15:05,感谢分享，天天开心,来自浙江,5148752444919384,0,0,感谢分享，天天开心,5287984174,多米鱼贝贝,https://weibo.com/u/5287984174,母婴育儿博主 微博原创视频博主,分享母婴育儿小知识，喜欢的点点关注吧❤️❤️,浙江,f,60828,2714,7075,"403,379","87,134","621,208","1,111,721"
66,5148601559023972,2153901751,2025-03-27 10:08:29,博主太有才啦 文案总能写到我心坎里,来自广东,5148750784761201,0,0,博主太有才啦 文案总能写到我心坎里,2370434632,大怪兽的卡卡,https://weibo.com/u/2370434632,超话粉丝大咖（美食超话）,愿你黑夜有灯，雨天有伞，路上常有良人相伴,广东 汕尾,f,12178,1462,2084,"44,784","1,810","5,353","51,947"
67,5148601559023972,2153901751,2025-03-27 10:06:43,非常精彩的内容,来自浙江,5148750340689324,0,0,非常精彩的内容,6871070604,泡芙米_,https://weibo.com/u/6871070604,体育博主 微博原创视频博主,推广合作私信,其他,m,238109,2381,24071,"261,152","50,306","1,295,180","1,606,638"
68,5148601559023972,2153901751,2025-03-27 10:06:11,"感谢分享<img alt=""[心]"" title=""[心]"" src=""https://face.t.sinajs.cn/t4/appstyle/expression/ext/normal/8a/2018new_xin_org.png"" /><img alt=""[心]"" title=""[心]"" src=""https://face.t.sinajs.cn/t4/appstyle/expression/ext/normal/8a/2018new_xin_org.png"" /><img alt=""[心]"" title=""[心]"" src=""https://face.t.sinajs.cn/t4/appstyle/expression/ext/normal/8a/2018new_xin_org.png"" />",来自浙江,5148750206733292,0,0,感谢分享[心][心][心],7362617335,Angel浴缸,https://weibo.com/u/7362617335,游戏博主 超话粉丝大咖（李玉刚超话） 微博原创视频博主,如果发了你蕾的，不要取关我 我只是单纯发发，没粉！！！！  💖请勿单取 单取lh💖,浙江 杭州,f,214612,6240,8339,"513,525","15,361","736,627","1,265,513"
69,5148601559023972,2153901751,2025-03-27 10:05:39,我来瞅瞅👀,来自广东,5148750076445467,0,0,我来瞅瞅👀,5743878089,青笙挽歌ZH,https://weibo.com/u/5743878089,体育博主 超话粉丝大咖（阳光信用超话） 微博原创视频博主,有事找我请置顶帖留言。,其他,f,108934,5811,14561,"585,561","486,396","4,066,672","5,138,629"
70,5148601559023972,2153901751,2025-03-27 10:02:59,上午好呀,来自江苏,5148749405094306,0,0,上午好呀,1004785064,雨夜夜虹,https://weibo.com/u/1004785064,音乐博主 微博剪辑视频博主,星星温柔泛滥 ，人间至善。,其他,f,315179,4102,30058,"395,784","193,116","2,874,763","3,463,663"
71,5148601559023972,2153901751,2025-03-27 10:02:09,非常精彩的内容,来自浙江,5148749191187687,0,0,非常精彩的内容,6986794157,看完大球看小球,https://weibo.com/u/6986794157,体育博主,什么都发，什么比赛都看，视频源自互联网转载，侵删,其他,m,138114,2149,6335,"131,487","26,226","1,220,049","1,377,762"
72,5148601559023972,2153901751,2025-03-27 10:01:14,又来看你了,来自浙江,5148748959449999,0,0,又来看你了,3665843765,月悬山河_,https://weibo.com/u/3665843765,动漫博主 微博原创视频博主,一个善良的小女孩,澳门,m,90958,2712,22584,"199,116","89,271","832,053","1,120,440"
73,5148601559023972,2153901751,2025-03-27 09:48:01,早上好呀,来自山东,5148745634416216,0,0,早上好呀,5019588829,星眠曲-,https://weibo.com/u/5019588829,美妆博主 超话粉丝钻咖（宋威龙超话） 微博剪辑视频博主,让生活变成你希望的样子,山东,f,412649,5496,24933,"642,467","313,493","849,786","1,805,746"
74,5148601559023972,2153901751,2025-03-27 09:37:54,很好很美很不错很喜欢，早安！,来自安徽,5148743087687275,0,0,很好很美很不错很喜欢，早安！,7755867260,财唯唯,https://weibo.com/u/7755867260,美食博主 微博原创视频博主,人群:低头族、久坐、不爱运动。爱好:喜欢吃各种各样的美食，架不住美食的诱惑。 曾经:五瘦六胖，一年半从175✂️到95，维持四年。目标:只瘦小肚子,其他,f,40326,2697,4886,"154,535","13,418","244,014","411,967"
75,5148601559023972,2153901751,2025-03-27 09:36:23,太优秀了，必须点赞,来自山西,5148742706530492,0,0,太优秀了，必须点赞,6326673477,触碰过锦鲤,https://weibo.com/u/6326673477,体育博主 微博原创视频博主,（商务请私）素材来源于网络，侵删。给我一点运气，剩下的自己努力。,山西,m,181129,3092,12257,"107,721","92,837","8,440,904","8,641,462"
76,5148601559023972,2153901751,2025-03-27 09:34:57,这条微博太棒了,来自北京,5148742345820814,0,0,这条微博太棒了,5100547430,热剧抢先看,https://weibo.com/u/5100547430,微博电视团成员 剧综评论人 电视剧博主 微博剪辑视频博主,视频均来自网络，如有侵权私信,北京,f,510907,4718,42505,"292,129","194,118","1,019,637","1,505,884"
77,5148601559023972,2153901751,2025-03-27 09:14:34,感谢分享,来自北京,5148737216972593,0,0,感谢分享,3482589012,王者君啊,https://weibo.com/u/3482589012,微博电视团成员 微博原创视频博主 电视剧博主 超话主持人（王者君啊超话）,视频均来自网络，如有侵权私信,北京,m,308792,6189,48449,"350,602","167,771","2,657,197","3,175,570"
78,5148601559023972,2153901751,2025-03-27 08:49:27,上午好呀,来自江苏,5148730894846280,0,0,上午好呀,7760297189,霖霖雨夜,https://weibo.com/u/7760297189,娱乐博主 微博剪辑视频博主,希望我爱的人和爱我的人一切安好。,江苏,m,354492,3599,24532,"306,593","150,499","3,003,657","3,460,749"
79,5148601559023972,2153901751,2025-03-27 08:44:42,早上好啊,来自山东,5148729700517058,0,0,早上好啊,7770596812,明凰琉璃,https://weibo.com/u/7770596812,娱乐博主 超话创作官（于文文超话） 微博剪辑视频博主,于生有你，奉陪到底！,其他,f,36485,4305,1239,"253,758","30,178","918,348","1,202,284"
80,5148601559023972,2153901751,2025-03-27 07:49:57,"早上好啊，周四愉快[锦鲤附体]<img alt=""[给你小心心]"" title=""[给你小心心]"" src=""https://face.t.sinajs.cn/t4/appstyle/expression/ext/normal/ca/qixi2018_xiaoxinxin_org.png"" />",来自天津,5148715921181390,0,0,早上好啊，周四愉快[锦鲤附体][给你小心心],7716044141,提拉米蘇吖_,https://weibo.com/u/7716044141,天津迁渡装饰工程有限公司 室内设计师 情感博主 超话创作官（早安超话） 微博原创视频博主,感情，是人内心的各种的感觉、思想和行为的一种综合的心理和生理状态，是对外界刺激所产生的心理反应，以及附带的生理反应。,天津,f,122090,3601,2791,"110,289","4,522","135,627","250,438"
81,5148601559023972,2153901751,2025-03-27 07:45:49,早上好呀,来自安徽,5148714882042918,0,0,早上好呀,1842131980,村里再逃翠花-,https://weibo.com/u/1842131980,游戏博主 微博剪辑视频博主,超爱吃的半吊子游戏行为艺术家,香港,m,74957,2479,1775,,,,
82,5148601559023972,2153901751,2025-03-27 07:45:19,相聚即是美好，在一起就是team，如此幸运遇见彼此，感谢信任，感恩遇见❤️,来自湖南,5148714756214056,0,0,相聚即是美好，在一起就是team，如此幸运遇见彼此，感谢信任，感恩遇见❤️,7770132671,奶糕啵啵,https://weibo.com/u/7770132671,娱乐博主 微博原创视频博主,🍞🍞,其他,f,321588,3054,4465,"192,050","31,010","1,638,318","1,861,378"
83,5148601559023972,2153901751,2025-03-27 07:32:35,早上好呀,来自河北,5148711551502662,0,0,早上好呀,6233696140,芋圆龙龙茶,https://weibo.com/u/6233696140,超话粉丝钻咖（张云龙超话）,单曲lh 🉑sx🐏 老实🐏ss版,河北,m,21411,6857,4511,"197,567","1,051","38,665","237,283"
84,5148601559023972,2153901751,2025-03-27 05:50:59,感谢分享,来自山西,5148685983285652,0,0,感谢分享,6285680368,星喜露,https://weibo.com/u/6285680368,游戏博主 颜艺景观工程有限公司 园林师 超话粉丝钻咖（赵露思超话） 头条文章作者,爱玩游戏,山西,f,126931,13966,40682,"812,370","669,268","450,507","1,932,145"
85,5148601559023972,2153901751,2025-03-27 05:46:58,持续关注后续,来自上海,5148684971147519,0,0,持续关注后续,6445500921,上海-细雨,https://weibo.com/u/6445500921,情感博主 超话主持人（早安超话） 微博原创视频博主,商务合作、投稿私信,上海,f,310062,7075,13180,"825,218","117,172","854,472","1,796,862"
86,5148601559023972,2153901751,2025-03-27 05:00:28,谢谢分享,来自福建,5148673269826505,0,0,谢谢分享,7056111795,汤汤的梦中情猫,https://weibo.com/u/7056111795,娱乐博主,怀揣希望去努力，静待美好的出现,北京,f,90354,3144,16068,"123,050","59,229","1,409,554","1,591,833"
87,5148601559023972,2153901751,2025-03-27 04:21:03,周四愉快☕️,来自北京,5148663350821526,0,0,周四愉快☕️,1597479663,某匪副本,https://weibo.com/u/1597479663,游戏博主,Tomorrow is another day                                 ​​​ 【唯！养娃中！】,其他,f,29438,1951,5601,"448,156","11,922","40,004","500,082"
88,5148601559023972,2153901751,2025-03-27 04:20:03,看着挺好玩的样子,来自山东,5148663099162723,0,0,看着挺好玩的样子,5488211312,爱唱歌的小7,https://weibo.com/u/5488211312,微博原创视频博主 微博VLOG博主 颜值博主 超话主持人（小鱼凌晨电台Vlog超话）,一个声音还不错的普通女孩，dy：爱唱歌的小7  ，我是小7（推广合作私信）,北京,f,869639,8495,24663,"1,138,823","934,643","8,498,778","10,572,244"
89,5148601559023972,2153901751,2025-03-27 04:19:43,感谢分享。,来自四川,5148663015014600,0,0,感谢分享。,7613833097,爱娱小妹,https://weibo.com/u/7613833097,时尚博主 微博剪辑视频博主,【合作私信】本站所有咨询均来源于网络，如涉及作品版权或隐私问题，请及时联系小编删除,四川,f,100725,4624,6252,"146,907","18,322","157,728","322,957"
90,5148601559023972,2153901751,2025-03-27 03:46:42,看看咋回事,来自湖南,5148654704788234,0,1,看看咋回事,2989040942,行影135,https://weibo.com/u/2989040942,旅游博主 微博原创视频博主 马蜂窝攻略作者 头条文章作者,行影135💫,辽宁 丹东,m,150532,3499,3796,"351,873","36,251","669,818","1,057,942"
91,5148601559023972,2153901751,2025-03-27 03:24:15,感谢分享,来自广东,5148649061089288,0,0,感谢分享,6235017374,男神设定,https://weibo.com/u/6235017374,美食博主 微博剪辑视频博主,,陕西,m,20210,2458,20041,"148,981","29,012","183,033","361,026"
92,5148601559023972,2153901751,2025-03-27 03:18:43,晚上好呀，感谢分享,来自四川,5148647667007552,0,0,晚上好呀，感谢分享,6582357615,叶中水,https://weibo.com/u/6582357615,网络作家 代表作《精美绝伦叶中水》,做自己喜欢做的事，爱自己喜欢爱的人，写自己喜欢写的东西！,江西,f,12685,1114,765,"19,751",298,"10,582","30,631"
93,5148601559023972,2153901751,2025-03-27 02:55:29,感谢博主分享！,来自河南,5148641817002356,0,0,感谢博主分享！,7738605316,我是庆王爷,https://weibo.com/u/7738605316,游戏博主 超话创作官（王者荣耀超话） 微博原创视频博主,我是庆王爷！,河南,m,411608,6461,2765,"253,655","8,165","348,181","610,001"
94,5148601559023972,2153901751,2025-03-27 02:50:53,内容介绍好细！！,来自陕西,5148640658850261,0,0,内容介绍好细！！,7737973995,恋恋绮旅_,https://weibo.com/u/7737973995,动漫博主 超话粉丝钻咖（祁煜超话） 微博剪辑视频博主,う手写小猫开心日志₍˄ ₗ   ̫ ₗ ˄₎੭ﾞ。,陕西,f,215834,2653,30786,"688,386","9,291,448","932,002","10,911,836"
95,5148601559023972,2153901751,2025-03-27 02:43:33,晚上快乐宝宝,来自美国,5148638814405186,0,0,晚上快乐宝宝,6538226062,蓝莓贝果er_,https://weibo.com/u/6538226062,娱乐博主 超话创作官（丁程鑫超话） 微博原创视频博主,老公在外做gay,香港,f,26039,1603,20090,"193,894","36,336","29,940","260,170"
96,5148601559023972,2153901751,2025-03-27 02:42:24,感谢博主分享！,来自河南,5148638524211964,0,0,感谢博主分享！,7783916531,叫我王爷好了,https://weibo.com/u/7783916531,微博原创视频博主,叫我王爷好了,河南,m,245095,4572,5184,"237,204","14,944","572,266","824,414"
97,5148601559023972,2153901751,2025-03-27 01:35:09,感谢感谢,来自甘肃,5148621600195510,0,0,感谢感谢,7800807818,电竞系学长,https://weibo.com/u/7800807818,游戏博主 超话创作官（和平精英超话） 微博原创视频博主,合作或侵权请私信联系,广东,m,588965,12170,21016,,,,
98,5148601559023972,2153901751,2025-03-27 01:32:30,感谢分享,来自辽宁,5148620933563932,0,0,感谢分享,7809335092,JaniceMan吻奶珊,https://weibo.com/u/7809335092,动漫博主 超话粉丝钻咖（阳光信用超话） 微博原创视频博主,💛 人间理想李宁玉，人间妄想文咏珊 💜 2025最大心愿：老贵和丑男分手分手分手！！专心搞事业！,辽宁,f,205183,12001,7570,"374,947","23,901","502,196","901,044"
99,5148601559023972,2153901751,2025-03-27 01:30:01,智搜AI真的太强大了,来自重庆,5148620308350388,0,0,智搜AI真的太强大了,3146463564,圈内漂流瓶,https://weibo.com/u/3146463564,体育博主 超话创作官（C罗超话） 微博原创视频博主,视频来源于网络，如有侵权请联系删除。,澳门,f,454825,5522,41821,"905,556","288,376","3,805,687","4,999,619"
100,5148601559023972,2153901751,2025-03-27 01:14:07,持续关注后续内容,来自陕西,5148616305936794,0,0,持续关注后续内容,5492063693,smokrrrr,https://weibo.com/u/5492063693,博瑞思（北京）文化传播有限公司  艺人总监 娱乐博主 超话创作官（王心凌超话） 微博剪辑视频博主,超话创作官（王心凌超话）   超话粉丝大咖（王心凌超话）  微博剪辑视频博主    娱乐博主    博瑞思（北京）文化传播有限公司 艺人总监,陕西 西安,m,20697,2972,4786,"361,571","27,972","253,129","642,672"
101,5148601559023972,2153901751,2025-03-27 01:12:43,晚上好呀,来自青海,5148615953875317,0,0,晚上好呀,5543203773,晚雾空青,https://weibo.com/u/5543203773,娱乐博主 超话创作官（阳光信用超话）,图片、视频来源于网络，版权归原作者所有，如有侵权，请私信联系删除,四川,f,28952,2106,7797,,,,
102,5148601559023972,2153901751,2025-03-27 01:07:31,太喜欢你的内容了,来自山西,5148614651019505,0,0,太喜欢你的内容了,5909214059,静湖听风语,https://weibo.com/u/5909214059,刀诗摄影 美妆师 体育博主 超话创作官（你好星期六超话） 微博原创视频博主,随心情发博,四川,f,100271,5695,17397,"515,808","34,697","1,189,368","1,739,873"
103,5148601559023972,2153901751,2025-03-27 00:53:16,好的，知道了,来自黑龙江,5148611064889356,0,0,好的，知道了,2456552000,耶爷嘢业,https://weibo.com/u/2456552000,微博原创视频博主,,其他,f,724541,3685,3252,"96,947","19,607","188,121","304,675"
104,5148601559023972,2153901751,2025-03-27 00:43:33,"<img alt=""[色]"" title=""[色]"" src=""https://face.t.sinajs.cn/t4/appstyle/expression/ext/normal/9d/2018new_huaxin_org.png"" />晚安好梦",来自广东,5148608614894274,0,0,[色]晚安好梦,1317104192,YYX阿璇,https://weibo.com/u/1317104192,超话创作官（白鹿超话） 微博原创视频博主,🈲单曲，🈲快转，单曲快转送你大🏠，🈷️🈷️ygxy较好以上，每天爱互🕳️,广东 揭阳,f,96726,4839,14381,"471,168","6,453","280,926","758,547"
105,5148601559023972,2153901751,2025-03-27 00:17:53,这也太绝了吧,来自天津,5148602156191144,0,0,这也太绝了吧,5861471514,你的秘密是love幂吗,https://weibo.com/u/5861471514,美食博主 微博剪辑视频博主,一只小散粉 ovo，名字≠属性,天津,f,20300,3504,9684,"161,637","209,174","163,477","534,288"
106,5148601559023972,2153901751,2025-03-27 13:05:00,下午好呀,来自江苏,5148795206108852,0,0,下午好呀,7405336517,2i星星,https://weibo.com/u/7405336517,超话粉丝钻咖（丁程鑫超话）,低质量的恋爱还不如高质量的追星,江苏,f,14329,3865,5337,,,,
107,5148601559023972,2153901751,2025-03-27 00:51:07,晚上好啊,来自内蒙古,5148610523037890,0,0,晚上好啊,7601651451,奶俊的巡洋舰k,https://weibo.com/u/7601651451,超话粉丝钻咖（王俊凯超话）,双的可互移也可直取移除，无痕的lh，🈲kz，kz的lh,内蒙古 呼和浩特,f,3009,1883,5821,"307,944","1,504","32,943","342,391"
108,5148601559023972,2153901751,2025-03-27 01:48:13,感谢分享，很好看！,来自湖北,5148624888792273,0,0,感谢分享，很好看！,6060657773,東京时色,https://weibo.com/u/6060657773,动漫博主,,海外,f,42762,2699,10088,"136,488","16,267","390,602","543,357"
109,5148601559023972,2153901751,2025-03-27 13:40:09,"感谢分享太喜欢了<img alt=""[偷乐]"" title=""[偷乐]"" src=""https://face.t.sinajs.cn/t4/appstyle/expression/ext/normal/fa/lxhtouxiao_thumb.gif"" />",来自河南,5148804057399680,0,0,感谢分享太喜欢了[偷乐],6683917444,不二彻彻崽-祝秦彻0418生日快乐,https://weibo.com/u/6683917444,游戏博主 超话粉丝钻咖（王者荣耀超话） 微博原创视频博主,完蛋人生完蛋过,河南,f,199809,6347,39197,"238,354","521,705","690,571","1,450,630"
110,5148601559023972,2153901751,2025-03-27 12:15:26,"感谢分享<img alt=""[心]"" title=""[心]"" src=""https://face.t.sinajs.cn/t4/appstyle/expression/ext/normal/8a/2018new_xin_org.png"" />",来自江西,5148782733296458,0,0,感谢分享[心],6111525495,我真笑疯了,https://weibo.com/u/6111525495,娱乐博主 微博原创视频博主,笑声照亮每一天 烦恼烟消云散,北京,f,173557,3273,2205,"214,767","18,264","112,277","345,308"
111,5148601559023972,2153901751,2025-03-27 02:06:58,这么可爱啊！,来自广东,5148629606596893,0,0,这么可爱啊！,2011905717,叶子来说事,https://weibo.com/u/2011905717,网络作家 代表作《我想说明天会更好》,喜欢我喜欢的，看我喜欢的，过好每一天就是幸福的，明天会更好！,广东,f,78791,4562,5253,,,,
